iso,Country/Region,unit,1990,1991,1992,1993,1994,1995,1996,1997,1998,1999,2000,2001,2002,2003,2004,2005,2006,2007,2008,2009,2010,2011,2012,2013,2014,2015,2016,2017,2018,2019,2020
CHN,China,tCO2e/ million $ GDP,6537.34,6451.08,6020.51,6264.59,5134.93,4392.01,3701.06,3380.96,3244.51,2957.13,2826.53,2682.31,2624.97,2687.93,2652.51,2581.33,2358.96,1982.19,1576.20,1515.28,1392.76,1227.05,1115.37,1038.85,950.93,890.17,870.62,812.67,754.35,746.29,736.58
USA,United States,tCO2e/ million $ GDP,861.15,827.64,792.95,769.71,735.32,708.29,690.00,681.02,649.64,612.67,592.11,570.97,538.08,519.03,493.19,463.40,430.30,417.12,397.43,378.02,380.48,354.11,327.04,324.35,313.42,295.88,281.93,267.43,263.42,247.35,227.06
IND,India,tCO2e/ million $ GDP,1934.58,2461.35,2364.67,2525.88,2260.16,2200.62,2106.06,2097.81,2103.76,2063.70,2098.94,2057.16,2001.66,1740.75,1594.05,1437.91,1335.99,1133.07,1222.73,1198.67,1016.76,986.66,1064.23,1077.76,1065.29,1038.39,966.41,879.62,913.34,858.61,833.75
RUS,Russia,tCO2e/ million $ GDP,5013.07,4900.91,5173.26,5093.94,5089.21,4934.12,4892.74,4427.54,6628.79,9386.15,7257.36,6186.85,5510.95,4592.94,3342.69,2618.41,2060.14,1573.61,1228.85,1572.48,1316.15,1023.36,932.85,879.64,967.54,1452.89,1547.29,1277.69,1267.24,1267.19,1380.70
JPN,Japan,tCO2e/ million $ GDP,339.82,300.41,278.06,242.46,226.59,206.19,235.02,255.48,270.83,247.93,234.47,263.69,284.51,265.07,243.64,248.28,255.86,265.05,224.48,206.57,199.51,193.40,198.59,241.27,246.54,262.93,230.86,231.34,218.51,207.64,199.27
IRN,Iran,tCO2e/ million $ GDP,2155.36,false,false,5044.89,4891.28,3689.93,3035.28,3311.99,3381.45,3551.29,3901.09,3463.59,3511.81,3162.16,2725.74,2454.52,2226.44,1781.72,1529.81,1557.17,1327.29,1048.71,1013.26,1364.32,1528.88,1724.06,1613.66,1582.60,2354.36,2538.26,3113.00
IDN,Indonesia,tCO2e/ million $ GDP,1779.36,1766.19,1684.88,1456.88,1388.50,1340.73,1256.23,1438.54,3296.53,2374.80,2003.97,2189.10,1820.76,1647.78,1538.38,1400.97,1182.54,1034.20,868.10,862.73,658.10,637.34,626.43,592.88,645.26,665.63,606.57,588.94,627.91,623.13,614.02
DEU,Germany,tCO2e/ million $ GDP,540.05,500.10,419.01,428.38,396.85,337.90,362.36,394.56,386.31,379.46,426.07,436.52,402.05,335.27,292.14,282.61,272.86,229.21,211.48,216.17,228.40,199.53,216.09,208.71,189.58,221.56,215.80,198.68,178.18,169.58,156.83
CAN,Canada,tCO2e/ million $ GDP,750.29,723.29,770.12,785.56,811.34,797.08,790.13,782.24,822.75,782.65,741.23,737.85,740.87,652.60,561.97,502.44,441.72,418.54,381.84,409.99,358.83,331.65,323.61,327.17,339.61,392.35,400.10,379.40,370.99,359.21,348.60
SAU,Saudi Arabia,tCO2e/ million $ GDP,1803.21,1844.81,1884.39,1918.11,1878.30,1755.84,1667.32,1619.88,1925.83,1760.68,1571.99,1628.04,1664.91,1555.01,1359.62,1131.85,1037.71,977.55,847.65,1047.63,929.17,766.16,735.68,734.73,773.19,935.72,950.56,876.88,713.19,721.20,798.66
KOR,South Korea,tCO2e/ million $ GDP,839.18,790.00,789.42,782.63,715.21,638.04,632.65,714.00,906.84,768.77,742.03,796.56,699.94,627.87,586.55,495.54,446.70,412.26,472.58,538.50,487.46,463.40,455.80,424.58,384.01,402.17,397.43,374.07,355.54,360.21,338.32
BRA,Brazil,tCO2e/ million $ GDP,521.28,614.34,654.67,602.28,437.16,321.44,314.35,323.90,342.53,512.57,491.09,587.82,649.05,584.68,515.45,391.67,318.68,264.05,230.36,219.88,187.99,166.23,190.67,203.00,215.65,281.05,262.11,234.26,240.16,246.88,303.76
AUS,Australia,tCO2e/ million $ GDP,913.85,881.83,897.31,952.42,941.02,857.96,813.69,771.22,894.49,934.14,894.26,1002.56,982.70,830.07,654.21,584.23,550.97,496.95,405.63,468.88,385.05,313.65,285.26,277.46,294.32,326.48,373.08,342.22,317.12,327.31,330.55
ZAF,South Africa,tCO2e/ million $ GDP,2143.32,1963.37,1781.33,1843.40,1808.89,1692.56,1840.48,1874.39,2124.05,2025.89,2062.24,2576.16,2779.61,1941.96,1605.22,1411.35,1347.70,1283.99,1451.24,1319.81,1094.40,962.07,1057.90,1171.24,1261.80,1316.74,1411.09,1225.21,1163.41,1231.62,1261.28
MEX,Mexico,tCO2e/ million $ GDP,1147.27,1020.85,887.88,662.00,675.42,942.00,866.89,756.41,761.62,649.06,585.34,548.58,547.50,610.69,581.79,537.72,499.55,468.78,445.75,535.24,469.75,433.39,433.08,400.16,375.97,426.63,465.37,427.74,380.74,372.41,369.10
TUR,Türkiye,tCO2e/ million $ GDP,913.20,936.14,916.99,839.37,1137.48,958.46,987.30,986.61,679.43,733.22,771.04,952.79,839.85,674.37,529.01,445.31,449.27,408.40,356.74,421.51,360.74,357.71,353.97,310.23,341.65,379.54,403.74,455.19,496.93,497.38,525.92
GBR,United Kingdom,tCO2e/ million $ GDP,521.04,507.66,481.44,520.34,479.28,400.08,392.54,343.77,325.47,317.95,327.32,339.63,304.61,269.90,228.86,216.54,202.93,173.58,178.46,196.25,197.48,169.38,174.68,164.21,136.61,137.81,142.74,138.35,126.68,122.54,114.35
VNM,Vietnam,tCO2e/ million $ GDP,3653.50,2569.06,2611.20,2248.87,1940.88,1766.89,1640.18,1719.34,1874.99,1827.94,1811.46,1887.64,2003.29,1877.77,1980.39,1678.55,1498.74,1398.81,1201.75,1238.41,991.96,848.93,747.74,715.49,714.92,770.45,782.68,720.14,817.17,912.27,904.83
ITA,Italy,tCO2e/ million $ GDP,336.39,318.19,298.63,367.54,352.20,349.17,310.35,330.63,331.81,341.23,375.10,367.94,342.39,289.14,257.77,251.79,236.29,204.88,183.14,179.64,189.01,171.97,180.98,162.56,152.19,185.11,178.86,169.14,156.47,158.83,149.92
POL,Poland,tCO2e/ million $ GDP,5310.91,4124.42,3649.55,3610.30,3072.95,2394.84,2227.36,2165.50,1823.68,1819.19,1716.03,1544.32,1450.95,1374.84,1189.09,990.15,915.24,730.45,579.00,679.78,657.85,588.79,611.69,576.32,528.55,607.40,637.00,595.93,533.10,495.16,469.08
FRA,France,tCO2e/ million $ GDP,279.50,299.81,263.52,265.13,247.43,220.48,229.95,247.91,254.01,251.62,273.60,273.85,247.32,204.55,178.29,173.28,159.88,136.12,122.23,127.75,132.06,117.02,126.53,120.99,107.57,128.34,127.79,123.30,110.63,110.79,102.18
THA,Thailand,tCO2e/ million $ GDP,1010.51,973.29,934.31,907.78,890.05,870.88,903.99,1132.47,1364.96,1276.05,1289.11,1420.79,1348.38,1242.43,1195.78,1131.44,974.63,849.62,786.03,782.82,697.86,636.50,640.51,627.12,637.65,664.10,634.62,573.43,511.18,495.57,519.30
KAZ,Kazakhstan,tCO2e/ million $ GDP,9352.30,10506.35,10776.06,9978.82,10022.73,9314.88,8032.39,6767.51,6976.15,8437.82,7776.42,6348.56,6504.59,5750.44,4469.20,3613.45,2767.57,2272.64,2131.40,2237.08,1853.91,1517.81,1392.23,1291.49,1144.79,1259.29,1770.13,1553.55,1468.53,1364.63,1492.86
MYS,Malaysia,tCO2e/ million $ GDP,1325.70,1411.20,1209.36,1158.24,1131.00,1028.53,1029.83,1115.97,1538.44,1511.22,1374.05,1448.86,1397.83,1349.02,1310.15,1206.20,1099.65,1008.68,902.12,922.83,807.18,695.80,669.30,707.59,715.80,806.52,789.62,724.27,689.28,686.41,734.91
IRQ,Iraq,tCO2e/ million $ GDP,483.49,116079.75,130156.31,94129.45,28165.66,8591.47,10528.93,6662.94,5896.42,2899.40,2545.98,3630.42,3635.26,4775.55,3275.00,2293.04,1742.37,1213.53,929.18,1168.31,1052.41,828.25,813.76,805.54,824.31,1179.12,1282.95,1213.29,1039.88,1070.47,1217.60
DZA,Algeria,tCO2e/ million $ GDP,1699.21,2392.61,2284.69,2361.37,2838.29,3021.68,2746.29,2641.95,2643.66,2688.44,2534.78,2476.63,2494.59,2270.45,1824.78,1573.44,1435.19,1258.99,1018.65,1267.61,1089.05,899.41,943.38,959.41,992.01,1325.99,1373.68,1299.96,1311.70,1359.02,1526.37
EGY,Egypt,tCO2e/ million $ GDP,2299.52,2684.85,2406.10,2238.99,1920.95,1748.84,1624.30,1479.84,1414.32,1380.37,1213.58,1379.47,1594.07,1756.45,1923.56,1903.41,1660.78,1458.74,1219.78,1071.62,933.81,891.41,787.48,756.60,730.77,694.10,713.56,1054.66,979.23,746.38,599.92
ARE,United Arab Emirates,tCO2e/ million $ GDP,1449.33,1583.52,1461.44,1495.67,1539.02,1457.01,1359.49,1312.66,1384.51,1254.17,1023.03,1156.98,1090.93,1018.04,901.65,780.99,658.93,600.89,563.49,700.04,637.59,547.20,540.84,546.13,527.76,624.41,647.63,572.81,480.94,519.54,605.89
ESP,Spain,tCO2e/ million $ GDP,388.58,374.42,361.39,407.49,419.75,380.39,347.95,409.21,400.32,424.35,475.00,454.67,427.42,339.87,304.16,294.39,262.57,233.32,193.44,189.38,188.85,183.37,201.57,177.97,173.63,211.65,197.62,198.27,178.58,170.71,155.32
NGA,Nigeria,tCO2e/ million $ GDP,2703.00,3248.37,3623.83,6054.94,4737.63,3877.01,3811.06,3564.53,3275.77,2937.27,2759.76,2686.82,1892.89,1900.11,1471.39,1141.07,796.88,643.86,526.72,567.76,524.69,476.53,417.76,389.26,375.16,403.20,477.69,515.84,501.94,466.11,452.06
PAK,Pakistan,tCO2e/ million $ GDP,1701.75,1534.76,1581.42,1619.85,1658.34,1544.04,1533.47,1613.16,1640.17,1765.88,1357.65,1422.34,1451.40,1314.19,1244.45,1143.09,1071.85,1051.06,905.53,939.38,866.71,727.46,702.72,691.67,688.34,655.78,614.53,616.79,554.68,608.11,644.55
TKM,Turkmenistan,tCO2e/ million $ GDP,45878.27,43027.32,29674.74,32778.73,32449.34,33775.66,33921.62,26884.37,25953.34,34991.49,37914.83,31744.22,26726.10,22457.66,20737.03,18001.18,14122.09,12555.52,8573.42,6075.38,6122.49,5785.45,5021.72,4723.41,4193.23,5246.40,5058.93,4785.13,4527.40,4447.18,false
ARG,Argentina,tCO2e/ million $ GDP,821.78,640.03,543.36,535.26,499.13,510.69,525.81,501.24,515.20,551.72,545.71,555.74,1454.72,1198.45,1011.71,852.94,765.53,642.84,524.73,532.75,442.66,369.91,363.43,367.95,379.59,346.07,365.92,310.14,377.97,423.00,451.16
UKR,Ukraine,tCO2e/ million $ GDP,8736.15,8696.06,7903.75,7781.49,8117.16,8530.00,8064.21,6787.38,7641.64,10039.42,9531.83,7927.53,7161.58,6538.55,4710.03,3413.69,2786.80,2148.22,1638.08,2143.72,1974.52,1720.93,1563.22,1461.22,1832.63,2163.02,2220.87,1610.45,1463.35,1169.54,1088.99
UZB,Uzbekistan,tCO2e/ million $ GDP,10471.27,10374.31,10217.17,10343.54,10364.63,9282.18,9049.17,8685.06,9672.70,8515.23,11106.61,13607.12,16617.41,15051.25,12938.17,10291.55,9046.59,6744.91,5348.74,4246.50,3062.05,2558.34,2028.33,1833.97,1542.92,1370.67,1446.31,2075.85,2573.41,2327.89,2272.35
VEN,Venezuela,tCO2e/ million $ GDP,5037.98,4845.39,4325.47,4485.93,4681.32,3869.14,4649.13,4039.91,3784.14,3310.62,2895.64,2802.33,3532.02,3704.12,2980.85,2428.88,1901.59,1491.23,1133.29,1048.91,900.10,1109.20,998.28,1030.17,782.44,false,false,false,false,false,false
NLD,Netherlands,tCO2e/ million $ GDP,479.25,483.25,432.75,456.03,423.82,365.36,388.43,402.03,383.43,363.60,391.03,389.96,355.85,295.86,263.40,246.94,224.89,195.57,175.11,185.79,203.75,177.05,189.53,180.85,169.51,207.49,204.03,188.44,167.28,162.25,144.35
PHL,Philippines,tCO2e/ million $ GDP,818.97,783.45,730.16,763.57,686.49,708.03,682.25,756.03,957.07,807.18,832.63,879.29,818.21,817.66,763.82,684.09,531.68,460.24,405.50,424.19,383.34,343.86,317.13,324.00,329.65,346.53,366.22,390.09,384.26,371.70,357.08
QAT,Qatar,tCO2e/ million $ GDP,2141.46,2718.73,2418.37,2972.52,3224.74,3013.17,2988.63,3020.56,3458.94,3110.59,2216.64,2226.95,2219.52,1988.20,1597.33,1176.33,967.74,831.38,618.67,748.69,670.84,562.49,551.58,528.44,530.78,692.54,753.63,713.14,625.27,666.72,799.53
KWT,Kuwait,tCO2e/ million $ GDP,2043.05,839.61,1551.76,1880.26,2106.97,1897.76,1624.66,1759.12,2237.91,2004.29,1747.42,1976.48,1842.06,1570.54,1345.84,1103.38,907.73,781.45,649.12,900.37,857.74,670.42,611.70,627.19,659.29,962.91,1040.49,923.07,824.83,842.32,1052.91
BGD,Bangladesh,tCO2e/ million $ GDP,474.97,463.85,489.63,495.50,519.27,545.52,450.33,478.05,469.57,475.36,466.20,554.42,581.10,555.83,547.52,548.77,581.64,554.37,524.42,503.44,501.15,479.37,499.50,472.69,430.31,417.46,338.61,328.06,323.92,286.61,250.66
CZE,Czech Republic,tCO2e/ million $ GDP,4096.99,5093.83,4195.64,3432.00,2797.67,2213.23,2031.76,2159.03,1908.42,1832.19,2120.57,1927.11,1536.70,1292.52,1079.97,932.91,823.93,683.09,524.54,573.03,574.02,508.96,540.48,509.09,499.56,561.78,545.29,492.18,428.50,402.27,378.10
COL,Colombia,tCO2e/ million $ GDP,1140.52,1140.00,995.39,923.67,758.14,712.83,675.91,671.46,739.13,748.72,666.57,683.52,658.18,672.96,542.50,442.68,401.01,320.90,279.12,308.10,259.90,242.84,221.39,238.36,243.89,318.40,336.35,278.73,271.00,282.00,326.24
OMN,Oman,tCO2e/ million $ GDP,1603.19,2011.84,1813.45,1912.94,1985.34,2100.63,1950.71,1956.72,2148.12,2111.44,1904.17,2096.14,2098.79,2021.84,1732.25,1377.50,1359.03,1263.01,863.08,1144.40,913.00,855.58,845.06,860.32,873.40,1080.32,1170.44,1078.51,1003.93,1047.02,1173.05
CHL,Chile,tCO2e/ million $ GDP,947.92,794.93,676.52,671.23,639.17,541.20,583.09,610.09,644.94,735.41,659.37,693.84,714.98,670.13,565.55,466.56,378.30,379.53,383.50,388.94,327.53,310.17,300.05,306.26,299.64,344.00,351.85,320.63,298.98,336.16,341.64
BEL,Belgium,tCO2e/ million $ GDP,529.38,537.69,473.59,485.03,463.77,392.87,423.72,456.09,456.35,441.86,488.62,494.66,423.73,359.08,303.74,284.30,261.12,217.66,203.75,204.58,220.61,182.46,190.27,183.63,167.04,204.47,196.54,183.20,170.80,171.79,161.92
ROU,Romania,tCO2e/ million $ GDP,4506.98,5035.65,5145.84,4576.69,3915.62,3291.38,3435.53,3268.60,2443.53,2429.09,2451.67,2405.60,2082.79,1739.38,1298.08,979.46,823.08,557.35,448.26,471.98,476.92,465.85,487.37,386.24,364.61,417.60,385.32,354.94,314.44,297.46,275.91
LBY,Libya,tCO2e/ million $ GDP,2619.21,2503.06,2116.05,2589.44,3250.05,3960.46,3720.08,3144.69,3511.37,2599.83,2553.90,2752.79,4538.37,3861.65,3152.26,2394.55,1907.18,1620.90,1321.48,1830.39,1557.07,1291.70,1263.80,1329.29,1434.16,1502.01,1405.21,1338.40,1286.12,1496.02,1231.82
PRK,North Korea,tCO2e/ million $ GDP,false,false,false,false,false,false,false,false,false,false,false,false,false,false,false,false,false,false,false,false,false,false,false,false,false,false,false,false,false,false,false
MAR,Morocco,tCO2e/ million $ GDP,668.51,654.92,673.03,739.65,718.55,683.40,609.84,702.56,674.43,714.65,778.06,833.78,806.36,649.01,632.91,646.76,605.85,536.04,477.48,474.87,507.88,510.05,541.64,491.46,495.20,554.73,543.07,537.85,511.83,559.54,551.33
AUT,Austria,tCO2e/ million $ GDP,349.71,358.93,294.59,302.70,284.22,254.16,274.15,301.41,296.67,290.66,321.82,343.99,323.56,284.02,251.31,241.12,220.04,182.42,163.12,160.59,179.41,158.86,159.87,153.73,140.87,166.36,161.58,158.55,138.93,145.31,136.57
ISR,Israel,tCO2e/ million $ GDP,false,false,false,false,false,450.56,431.45,433.50,429.35,437.19,418.12,433.22,493.78,484.99,456.39,417.30,407.43,363.48,301.87,311.45,295.99,261.34,289.03,223.90,204.24,217.41,202.12,183.51,163.03,157.22,144.13
BLR,Belarus,tCO2e/ million $ GDP,4709.27,5460.20,5216.71,4747.78,4400.24,4191.73,4035.96,4247.33,3813.18,4593.01,4229.32,4260.87,3598.97,2980.68,2431.78,1881.36,1602.05,1277.85,995.33,1123.04,1073.52,943.24,905.16,786.49,743.46,962.10,1146.21,1019.25,981.18,888.30,882.63
GRC,Greece,tCO2e/ million $ GDP,734.84,686.76,640.92,683.62,652.08,575.21,539.58,556.54,575.76,585.36,693.31,679.62,601.56,477.03,399.30,394.98,353.73,315.71,272.65,280.13,288.71,299.00,328.63,297.55,288.27,340.46,335.55,324.49,298.67,284.35,262.82
SRB,Serbia,tCO2e/ million $ GDP,false,false,false,false,false,2885.95,2555.62,2354.25,3100.28,2259.81,6777.35,3745.55,3039.12,2468.45,2280.83,1898.75,1682.62,1229.40,983.13,1078.02,1169.09,1078.01,1104.83,1005.53,877.95,1205.64,1203.39,1122.56,954.26,934.21,909.09
PER,Peru,tCO2e/ million $ GDP,838.22,623.00,617.33,654.74,516.60,488.42,515.24,483.37,492.79,590.79,563.25,519.15,514.01,470.06,470.67,412.29,346.51,329.23,316.74,339.07,306.98,286.47,252.06,247.37,264.52,286.57,296.34,255.83,243.64,247.47,229.40
HUN,Hungary,tCO2e/ million $ GDP,false,1921.90,1545.36,1495.49,1371.38,1260.37,1278.55,1226.54,1196.05,1197.38,1170.91,1059.46,831.47,690.31,546.55,500.46,484.82,388.13,338.66,372.55,372.21,340.55,347.06,310.56,296.98,355.54,353.06,353.11,312.05,293.54,290.71
SGP,Singapore,tCO2e/ million $ GDP,807.20,675.91,607.92,601.92,520.11,432.35,403.93,384.86,436.43,442.41,443.06,474.02,452.64,397.42,350.67,294.89,255.56,216.24,202.94,204.60,180.75,163.81,151.59,146.32,144.66,151.43,144.93,141.57,123.27,123.70,130.33
AZE,Azerbaijan,tCO2e/ million $ GDP,7627.43,7419.13,168217.49,35012.80,30050.98,14478.55,9273.24,7235.10,6533.87,6354.30,5820.48,5169.65,4669.62,4326.09,3578.75,2561.49,1709.73,1053.12,797.03,783.80,632.55,544.16,552.43,531.83,534.82,747.10,1058.71,958.67,851.09,895.64,975.42
ECU,Ecuador,tCO2e/ million $ GDP,1243.96,1141.26,1146.70,1143.83,1065.38,1068.71,1164.20,1077.00,1060.70,1372.01,1502.33,1242.24,1042.87,948.20,923.36,859.29,800.78,731.49,616.46,647.03,625.29,548.22,490.53,481.36,476.36,483.45,466.79,431.13,431.12,426.19,399.84
PRT,Portugal,tCO2e/ million $ GDP,493.95,453.91,415.15,459.31,451.95,408.55,378.23,413.78,428.77,466.83,497.60,484.50,466.55,351.62,313.25,317.28,276.11,232.15,205.06,221.86,204.14,196.16,215.79,197.51,190.57,240.43,229.62,233.82,198.98,180.59,164.51
FIN,Finland,tCO2e/ million $ GDP,388.95,436.29,470.91,608.92,589.16,424.78,480.81,484.93,434.15,424.29,443.96,478.75,458.95,424.04,347.95,275.22,313.43,257.66,201.55,218.15,255.34,203.70,195.66,189.21,172.30,187.46,194.32,172.50,165.02,156.82,137.37
BHR,Bahrain,tCO2e/ million $ GDP,3125.17,2766.40,3125.51,3029.46,2885.83,2780.58,2772.69,2729.93,2986.98,2792.90,2097.30,2179.43,2134.73,1918.70,1606.60,1511.08,1405.99,1225.70,1109.42,1237.74,1150.20,1031.38,997.96,1012.59,1032.40,1118.83,1072.23,980.24,926.34,974.02,1065.51
NOR,Norway,tCO2e/ million $ GDP,247.33,227.26,233.58,270.97,273.25,228.51,214.28,229.04,248.58,247.54,203.06,202.68,178.68,164.90,143.98,119.87,109.40,95.42,81.01,98.41,95.13,79.63,77.38,76.91,80.63,106.14,109.14,99.98,89.70,94.52,101.63
MMR,Myanmar,tCO2e/ million $ GDP,3450.82,3229.62,3260.97,2761.21,2268.68,2044.21,1792.03,1831.64,2411.64,2118.95,1853.21,1875.75,1916.02,1796.26,1477.12,1371.66,1158.12,910.87,504.39,375.22,314.71,230.74,269.07,285.61,327.69,363.32,417.43,566.16,516.88,516.48,444.77
BGR,Bulgaria,tCO2e/ million $ GDP,3611.25,5490.57,5508.05,5312.85,5654.08,2924.26,4550.56,4753.29,3428.47,3304.97,3331.02,3298.07,2698.14,2301.88,1813.59,1608.45,1425.09,1179.01,916.71,837.94,902.06,883.22,847.17,726.12,751.75,892.79,780.95,750.22,624.47,577.27,498.32
CHE,Switzerland,tCO2e/ million $ GDP,157.28,165.61,159.79,157.06,138.34,120.92,127.76,143.63,144.43,147.91,154.44,155.34,138.89,122.29,110.30,107.50,100.98,86.77,77.70,77.10,73.75,56.00,60.53,60.17,53.15,54.82,56.13,54.06,50.13,50.27,45.65
SWE,Sweden,tCO2e/ million $ GDP,204.43,199.00,201.07,267.36,257.29,219.01,219.70,216.04,217.40,210.53,204.12,217.65,203.68,166.46,140.18,128.46,115.66,96.47,89.43,98.92,97.74,78.34,76.84,69.61,67.77,78.16,75.83,71.58,65.33,66.65,63.38
AGO,Angola,tCO2e/ million $ GDP,1113.92,1210.52,1627.60,2875.46,4405.38,4116.83,3588.19,3688.91,4550.58,4991.79,3153.48,3139.92,1859.86,1647.17,1312.26,833.72,618.33,531.27,438.26,564.92,514.73,384.83,333.65,329.61,334.55,567.23,960.72,622.51,505.68,567.62,620.25
IRL,Ireland,tCO2e/ million $ GDP,628.90,634.01,564.51,605.20,572.95,481.56,456.16,428.81,422.33,399.36,414.47,399.50,332.52,263.00,221.66,212.41,196.53,166.46,161.63,168.85,179.74,151.12,161.51,147.59,133.94,123.55,126.52,108.72,93.87,86.41,76.31
NZL,New Zealand,tCO2e/ million $ GDP,512.58,555.09,611.83,536.19,456.11,395.75,378.19,438.15,504.40,506.94,582.34,610.04,491.60,391.36,326.78,307.08,316.83,250.56,265.60,266.86,220.93,187.44,189.10,173.12,164.32,187.57,171.31,165.16,158.43,164.82,153.40
SYR,Syria,tCO2e/ million $ GDP,2515.30,2508.84,2250.01,2127.33,1799.94,1657.42,1394.41,1280.11,1245.06,1191.63,1077.83,1002.81,975.63,907.58,698.40,653.99,577.34,504.68,421.86,390.59,347.30,1112.32,1295.53,1586.97,1387.44,1649.96,2241.61,1891.67,1499.50,false,false
SVK,Slovakia,tCO2e/ million $ GDP,4524.75,3554.38,3068.98,2784.48,2147.86,1700.59,1569.04,1579.13,1419.63,1366.92,1349.19,1294.68,1114.09,847.25,673.01,631.26,546.62,437.41,374.77,389.00,405.09,353.05,350.62,342.33,306.11,353.75,358.66,359.08,319.19,302.84,283.77
ETH,Ethiopia,tCO2e/ million $ GDP,653.55,609.61,724.22,932.29,1261.05,1202.78,1135.51,1174.64,1340.43,1388.95,1359.90,1493.14,1618.00,1543.46,1362.18,1101.99,930.83,766.25,584.71,498.83,548.76,552.18,424.70,418.50,399.72,344.18,327.72,306.39,311.71,283.74,259.28
TUN,Tunisia,tCO2e/ million $ GDP,1240.40,1186.12,1087.31,1143.06,1047.13,917.98,884.31,864.53,861.63,860.81,947.29,959.00,917.10,762.86,698.81,690.82,673.81,627.80,551.72,570.44,583.56,544.25,589.03,570.46,579.15,638.61,639.33,685.77,677.36,692.52,652.24
DNK,Denmark,tCO2e/ million $ GDP,382.07,457.23,378.36,420.82,411.34,329.78,397.34,374.71,344.64,328.64,332.61,341.20,312.85,281.64,222.79,198.67,213.21,173.24,147.65,155.92,156.47,130.28,121.47,120.36,105.10,115.46,116.31,102.79,95.09,87.36,77.75
CUB,Cuba,tCO2e/ million $ GDP,1219.23,1119.80,991.58,902.86,763.38,755.69,1003.35,1068.92,1043.66,981.60,928.32,868.95,783.89,712.91,661.34,609.87,541.40,503.39,469.84,464.87,469.02,397.43,389.88,372.24,331.87,336.77,298.01,271.79,266.72,236.41,228.27
SDN,Sudan,tCO2e/ million $ GDP,195.55,137.11,814.50,498.82,481.21,426.13,647.72,595.25,590.83,705.81,685.64,611.57,624.60,536.12,493.39,428.19,400.49,326.79,310.14,353.24,284.77,301.19,320.44,308.45,277.91,280.05,243.55,191.15,771.20,786.81,886.49
MNG,Mongolia,tCO2e/ million $ GDP,5194.50,6346.36,9956.65,15755.43,11373.09,7209.65,6589.67,7366.79,7763.98,8325.90,8115.01,7279.93,7067.85,6012.33,4950.37,4518.92,3745.62,3189.55,2409.85,3143.27,2102.87,1606.94,1488.22,1572.63,1598.75,1622.76,1763.57,1827.76,1732.94,1712.80,1673.46
LKA,Sri Lanka,tCO2e/ million $ GDP,621.99,572.21,646.86,595.56,572.31,518.64,672.31,618.04,609.05,668.87,729.36,748.37,745.68,705.82,663.72,607.77,467.66,444.81,333.20,310.52,246.29,245.05,262.79,201.56,227.09,243.57,284.15,266.31,247.63,282.48,271.87
GHA,Ghana,tCO2e/ million $ GDP,603.58,504.16,587.51,643.94,758.98,686.40,688.52,715.21,910.67,936.58,1209.29,1214.60,1240.12,956.42,768.47,667.79,422.12,371.68,307.55,390.95,350.02,309.26,345.55,246.42,274.30,325.41,288.24,287.49,282.84,301.11,313.27
BIH,Bosnia and Herzegovina,tCO2e/ million $ GDP,false,false,false,false,2671.21,1911.31,1646.98,2471.88,2778.28,2381.72,2605.97,2461.96,2240.43,1817.86,1589.72,1499.73,1437.02,1237.38,1117.43,1210.71,1256.97,1318.62,1316.67,1244.55,1088.17,1255.77,1365.74,1293.28,1165.67,1091.21,1093.16
DOM,Dominican Republic,tCO2e/ million $ GDP,1082.43,809.08,800.49,706.30,742.39,691.84,675.38,700.88,746.38,777.08,740.36,711.57,737.87,837.14,743.20,502.27,508.73,442.12,402.31,385.26,362.89,342.07,339.34,321.21,297.63,310.61,305.53,275.69,278.47,271.61,272.11
LBN,Lebanon,tCO2e/ million $ GDP,1981.83,1509.89,1207.89,1300.84,1178.58,1113.95,991.31,985.05,879.03,916.51,826.40,874.00,803.30,763.96,732.58,686.86,656.24,522.63,569.30,554.98,483.55,472.65,486.44,448.13,475.34,500.25,505.13,515.15,468.45,501.32,803.07
BOL,Bolivia,tCO2e/ million $ GDP,2955.49,2827.51,2734.63,2389.04,2057.34,1529.34,1344.11,1410.35,1194.35,1156.15,1109.70,1134.33,1258.59,1318.13,1315.99,1290.45,1154.16,1112.24,927.31,913.18,879.08,781.47,742.80,705.69,702.21,714.39,728.50,663.75,615.50,594.20,565.32
TTO,Trinidad and Tobago,tCO2e/ million $ GDP,3838.81,3637.03,3530.25,3191.85,2329.42,2087.98,2088.15,2155.81,2096.63,1921.43,1707.01,1770.64,1917.00,1876.40,1671.06,1523.77,1511.47,1305.11,993.96,1394.09,1320.80,1175.87,1132.06,1091.77,1067.07,1122.43,1089.40,1049.65,1004.20,977.98,966.44
JOR,Jordan,tCO2e/ million $ GDP,2232.07,2146.22,2024.80,1943.19,1846.44,1835.11,1821.69,1828.23,1736.21,1687.11,1823.10,1696.48,1641.78,1590.70,1530.55,1490.14,1269.55,1165.55,831.72,803.72,706.55,678.85,727.35,657.70,659.40,626.02,594.04,603.24,549.30,508.28,469.34
KEN,Kenya,tCO2e/ million $ GDP,861.84,887.41,891.86,1273.99,1046.33,879.33,710.09,639.57,647.64,737.35,830.07,758.96,732.25,586.69,593.82,559.64,449.44,363.05,336.76,329.71,327.54,322.41,250.72,250.56,255.97,267.58,266.12,256.15,221.04,206.75,199.43
GTM,Guatemala,tCO2e/ million $ GDP,556.06,475.03,509.14,500.74,461.28,475.74,437.03,402.67,455.39,485.51,517.34,563.95,556.77,534.00,497.36,466.35,420.32,400.52,319.23,360.32,308.73,274.99,269.47,268.99,260.47,281.91,284.97,251.12,269.86,270.42,239.57
TZA,Tanzania,tCO2e/ million $ GDP,844.80,734.01,807.93,924.84,1033.93,1034.57,889.47,740.97,457.23,439.98,465.80,478.81,500.10,485.46,523.90,520.65,540.54,454.05,362.53,347.33,346.06,356.54,347.45,332.37,285.72,315.07,291.89,291.48,278.13,301.19,287.72
LAO,Laos,tCO2e/ million $ GDP,592.64,531.06,525.63,457.57,411.00,380.53,400.41,453.87,641.12,582.13,744.34,788.68,827.13,745.26,667.59,598.87,573.05,500.87,454.23,466.92,417.55,354.08,318.11,323.34,305.29,573.25,943.52,1064.99,1017.47,949.53,918.45
NPL,Nepal,tCO2e/ million $ GDP,790.97,802.18,940.82,930.82,927.85,901.65,903.94,895.56,938.55,1076.51,1029.08,993.60,888.03,894.98,758.23,732.48,600.50,539.32,473.75,507.90,453.79,353.36,366.13,373.30,410.56,374.21,489.25,475.19,464.55,403.05,474.42
CMR,Cameroon,tCO2e/ million $ GDP,795.00,1497.68,1422.15,903.58,1343.53,1060.88,1096.50,1156.17,1141.10,1073.74,1223.26,1139.87,999.38,777.12,637.09,595.37,547.64,502.52,454.15,459.26,445.58,382.53,386.81,376.77,383.67,470.58,457.13,410.07,384.53,390.65,384.58
HRV,Croatia,tCO2e/ million $ GDP,false,false,false,false,false,688.79,640.70,709.82,717.12,768.34,802.71,797.44,726.02,601.78,487.20,454.15,409.74,364.92,297.18,315.90,316.76,297.66,300.57,283.19,269.97,323.73,317.35,300.76,256.93,258.84,265.25
COG,Republic of Congo,tCO2e/ million $ GDP,2709.61,2771.34,2671.70,2718.82,3520.98,3351.60,3320.27,3946.84,5455.91,4724.36,3612.66,3980.76,2762.86,2503.19,2008.60,1638.47,1521.14,1163.35,917.84,1233.70,1022.66,837.02,698.90,647.95,635.95,960.96,1064.41,1034.42,1027.74,1195.47,1426.58
KHM,Cambodia,tCO2e/ million $ GDP,false,false,false,546.62,510.60,613.65,624.69,673.66,830.24,747.74,738.39,729.12,692.20,674.48,590.90,547.80,517.38,512.55,435.85,504.39,500.81,452.32,431.89,402.04,440.06,482.93,530.02,511.23,457.02,509.68,554.67
CIV,Côte d'Ivoire,tCO2e/ million $ GDP,318.31,336.90,322.07,343.90,476.15,393.56,292.33,348.62,321.28,440.42,480.89,477.91,479.21,327.55,316.01,336.99,324.77,280.30,260.87,246.32,251.24,237.60,294.95,267.04,242.26,265.07,250.91,255.14,218.33,229.17,220.21
SVN,Slovenia,tCO2e/ million $ GDP,false,false,false,false,false,671.91,704.23,750.37,691.84,648.03,710.75,732.15,657.74,517.84,453.39,437.73,409.79,336.47,308.63,306.59,328.72,306.68,326.83,300.97,261.25,305.27,311.72,290.26,258.55,250.29,230.32
YEM,Yemen,tCO2e/ million $ GDP,1939.75,2176.74,2070.12,2683.53,4484.79,4602.44,3460.63,3109.25,3505.12,3207.01,2797.96,2828.54,2604.93,2617.88,2246.02,1995.54,1813.72,1612.46,1278.99,1471.61,1204.20,999.97,818.44,912.22,818.61,377.33,355.34,421.65,630.66,615.39,643.70
GAB,Gabon,tCO2e/ million $ GDP,2031.25,2447.23,2366.89,3057.54,3477.94,3179.31,2935.93,3103.41,3892.77,3476.33,3035.42,3055.82,2734.16,2450.23,1977.66,1567.43,1305.21,1023.65,850.33,1082.81,966.15,749.55,768.41,746.63,738.39,950.74,988.45,803.81,672.35,720.48,776.57
LTU,Lithuania,tCO2e/ million $ GDP,false,false,false,false,false,1776.46,1725.90,1394.15,1320.77,1132.82,932.86,932.17,805.63,612.74,537.35,501.60,435.81,335.92,277.62,321.67,349.08,278.25,283.80,247.54,229.72,271.63,266.53,240.90,221.17,217.44,210.00
ZWE,Zimbabwe,tCO2e/ million $ GDP,2110.32,2342.15,3027.38,2896.05,2593.81,2463.83,1986.77,1873.67,2550.30,2662.46,2404.13,2373.18,2349.45,2232.91,2114.98,2267.12,2277.99,2361.00,2359.87,1053.73,1000.63,985.33,842.18,779.15,755.76,737.64,650.02,724.10,773.58,687.45,631.38
BRN,Brunei,tCO2e/ million $ GDP,1312.15,1303.47,1224.73,1352.24,1429.66,1313.53,1252.17,1310.10,1489.21,1326.67,1081.44,1143.55,1100.49,1133.34,890.74,718.04,834.25,738.87,687.50,900.04,653.23,494.97,476.94,488.13,507.75,612.74,743.67,730.81,669.03,634.43,914.53
AFG,Afghanistan,tCO2e/ million $ GDP,false,false,false,false,false,false,false,false,false,false,false,false,362.26,379.64,257.76,324.37,366.26,342.75,503.33,603.83,613.99,748.29,590.56,553.22,548.03,637.51,629.96,649.71,727.52,714.45,541.43
PNG,Papua New Guinea,tCO2e/ million $ GDP,673.68,819.44,921.30,1003.72,1047.35,1459.43,1278.68,1314.08,1705.85,1765.88,1728.78,2068.03,2107.17,1840.74,1725.30,1276.96,735.94,676.18,547.59,567.51,456.11,413.71,374.25,427.62,452.70,545.19,576.71,521.16,514.30,512.72,431.82
GEO,Georgia,tCO2e/ million $ GDP,5287.28,5050.78,6951.98,7775.48,5680.38,4182.56,3099.23,2467.06,2225.81,2679.51,2530.27,1708.95,1439.96,1352.72,1038.81,884.76,793.17,692.46,484.33,629.96,524.71,484.78,481.43,510.81,531.52,668.69,684.97,635.34,573.83,607.52,653.05
COD,Democratic Republic of the Congo,tCO2e/ million $ GDP,720.63,560.03,630.65,610.76,1348.88,1381.64,1455.35,1412.07,1359.00,1713.55,393.80,1038.41,901.21,974.36,828.02,732.20,617.19,565.54,488.21,511.77,450.54,395.80,291.25,309.55,339.73,274.69,264.04,284.04,203.97,191.16,206.65
PAN,Panama,tCO2e/ million $ GDP,422.87,446.08,460.02,424.32,422.23,445.74,437.60,424.57,484.37,403.57,407.94,481.13,403.43,387.19,354.92,417.98,398.48,339.26,267.53,302.75,298.46,273.69,241.32,208.91,202.57,185.90,174.99,154.50,146.30,191.14,175.66
MOZ,Mozambique,tCO2e/ million $ GDP,false,636.18,947.97,995.80,906.30,911.30,677.69,592.84,582.14,518.97,613.99,581.60,596.69,618.87,562.41,513.40,492.59,372.66,323.32,355.95,391.88,380.75,375.06,405.08,422.41,515.25,810.90,762.61,683.38,669.00,668.32
MDA,Moldova,tCO2e/ million $ GDP,false,false,false,false,false,7229.71,6508.48,5175.56,5330.78,6616.14,5575.00,5055.37,4615.52,4176.04,3192.96,2905.63,2433.95,1874.10,1349.93,1467.54,1258.71,1045.20,989.34,806.74,866.76,1112.15,1085.46,889.92,788.91,778.20,763.57
HND,Honduras,tCO2e/ million $ GDP,542.37,571.48,599.11,630.22,756.14,764.78,773.63,732.98,772.58,750.19,695.16,757.77,781.68,825.58,858.19,723.01,730.67,693.19,622.05,559.10,509.76,541.78,541.33,530.55,509.15,511.99,484.28,395.12,370.61,405.14,374.14
GNQ,Equatorial Guinea,tCO2e/ million $ GDP,666.25,1945.79,14569.38,15726.08,22844.64,17497.65,12164.51,9922.28,15180.71,11688.92,6225.44,6000.46,4450.22,3689.43,2941.17,1634.03,1317.23,1066.36,660.51,824.56,767.60,555.20,513.82,516.24,611.88,925.64,1054.92,884.97,789.13,852.33,881.46
KGZ,Kyrgyzstan,tCO2e/ million $ GDP,9234.92,8686.88,6359.03,5383.68,4183.83,3050.21,3415.11,3446.48,3891.25,4035.55,3586.29,2778.18,3320.07,3003.01,2595.91,2193.07,1885.24,1686.18,1446.14,1474.09,1331.79,1222.68,1509.74,1244.01,1271.57,1497.99,1396.86,1191.53,1311.12,1072.04,1103.93
ZMB,Zambia,tCO2e/ million $ GDP,1073.63,1101.02,1169.61,1038.79,843.34,810.65,754.87,756.29,899.47,831.58,800.62,734.57,742.47,663.61,527.99,417.91,262.29,225.46,189.59,235.07,183.16,175.57,195.73,183.55,206.51,280.35,299.34,298.44,326.71,364.68,472.31
BEN,Benin,tCO2e/ million $ GDP,308.93,279.90,337.99,255.30,364.44,271.20,561.30,701.89,673.58,495.05,528.41,596.66,594.18,516.88,474.34,487.04,544.33,538.02,455.73,497.19,540.10,467.59,431.26,409.54,425.89,527.42,617.99,587.30,564.37,552.12,542.89
SEN,Senegal,tCO2e/ million $ GDP,317.00,322.40,326.24,336.70,505.82,428.89,432.56,514.71,528.91,577.88,627.12,628.66,596.34,464.58,467.06,444.34,403.35,377.61,330.24,362.46,367.03,351.37,348.09,338.24,360.37,447.35,451.36,389.16,366.42,431.40,343.31
UGA,Uganda,tCO2e/ million $ GDP,527.37,700.18,834.13,748.75,592.74,452.10,444.02,441.16,445.10,494.79,483.61,516.79,522.37,508.02,434.30,417.97,428.79,402.94,340.36,212.85,196.23,203.90,208.63,198.91,189.20,212.60,248.98,244.55,252.73,239.97,215.35
PRY,Paraguay,tCO2e/ million $ GDP,428.47,352.42,388.98,434.44,458.99,448.06,412.36,446.74,495.63,517.93,430.60,467.68,572.85,553.91,446.91,372.35,313.53,224.16,187.22,216.06,197.12,164.83,162.80,144.32,145.87,180.94,208.40,215.37,218.80,224.95,225.37
LUX,Luxembourg,tCO2e/ million $ GDP,849.51,821.54,712.28,712.83,591.00,400.80,404.20,405.97,360.59,347.44,387.74,414.53,404.51,338.87,326.70,311.11,268.55,211.80,184.58,189.01,193.51,173.99,176.17,153.47,137.86,149.78,139.59,134.45,128.53,132.78,104.25
TJK,Tajikistan,tCO2e/ million $ GDP,4633.92,8362.35,3966.31,3660.35,2296.88,2320.23,2332.48,2948.22,2179.30,2481.86,2751.59,2157.35,1843.88,1469.30,1263.67,1067.28,943.92,866.81,592.23,479.39,420.63,384.87,395.97,373.68,462.77,535.23,728.34,728.56,833.83,863.59,926.02
EST,Estonia,tCO2e/ million $ GDP,false,false,false,false,false,3655.68,3651.04,3457.89,2878.23,2679.12,2613.04,2424.17,2001.10,1688.35,1376.72,1187.37,939.71,870.02,707.94,719.71,951.29,794.52,735.89,749.11,658.15,634.20,668.17,625.82,518.75,326.53,243.26
TCD,Chad,tCO2e/ million $ GDP,223.69,211.65,217.07,280.13,360.22,301.95,279.40,300.84,271.89,319.42,365.43,1253.99,1892.72,2054.81,1643.24,1340.74,1135.60,924.81,736.34,779.52,639.34,545.32,551.41,545.10,505.98,643.43,702.12,713.35,645.92,648.22,691.25
ARM,Armenia,tCO2e/ million $ GDP,9774.84,10981.16,9797.42,5439.07,3127.65,3171.71,2220.08,2535.62,2186.88,1976.27,2098.60,1921.30,1491.26,1403.02,1160.25,987.94,765.42,606.43,522.64,590.92,531.77,549.57,599.31,556.31,535.91,580.87,563.61,537.61,515.17,504.92,581.47
MKD,Macedonia,tCO2e/ million $ GDP,1879.17,1743.49,3538.36,3339.14,2433.12,1831.29,2194.39,2331.60,2652.86,2383.44,2350.50,2431.94,2106.42,1868.20,1576.97,1489.81,1353.85,1171.57,967.55,952.63,932.06,914.40,947.41,765.81,691.67,750.01,689.36,693.63,578.77,662.71,592.72
LVA,Latvia,tCO2e/ million $ GDP,false,false,false,false,false,1647.34,1596.33,1382.78,1201.64,1058.72,926.82,934.97,816.78,681.68,557.82,480.68,397.99,287.46,236.43,293.24,358.15,284.08,266.25,245.36,231.27,268.18,258.93,235.62,225.22,218.97,203.54
CRI,Costa Rica,tCO2e/ million $ GDP,477.77,401.62,466.39,413.14,438.57,396.75,370.52,333.55,340.66,328.15,307.65,315.91,311.64,317.61,297.43,284.01,275.40,258.22,225.16,214.95,181.97,166.52,151.10,146.21,143.86,126.73,131.78,129.90,125.93,119.51,109.10
URY,Uruguay,tCO2e/ million $ GDP,408.66,386.27,367.38,296.97,236.86,238.85,260.13,225.50,219.97,276.59,233.89,224.08,313.92,349.55,393.29,307.81,321.02,248.57,255.72,237.48,155.14,157.05,165.70,127.74,113.86,125.32,115.61,96.10,102.54,112.77,122.72
SLV,El Salvador,tCO2e/ million $ GDP,515.92,602.52,618.72,596.05,589.90,563.17,462.09,522.13,518.91,499.63,455.51,453.56,441.01,464.66,465.84,450.97,435.55,430.97,368.19,366.10,340.22,319.82,302.23,281.87,282.67,290.15,288.41,248.16,254.42,283.16,250.21
BWA,Botswana,tCO2e/ million $ GDP,791.36,745.46,848.74,835.73,777.28,723.48,649.52,658.32,819.25,750.88,740.23,752.49,787.78,555.16,469.37,455.21,426.85,417.13,423.69,421.52,273.82,267.62,252.81,379.27,461.66,529.53,455.35,471.15,491.64,446.03,401.64
CYP,Cyprus,tCO2e/ million $ GDP,708.78,783.57,699.90,763.76,705.86,517.96,544.38,584.03,578.08,589.34,643.15,606.44,565.85,491.36,406.38,389.67,361.24,315.96,278.57,296.41,288.69,260.22,267.18,240.47,255.11,304.90,306.13,285.10,252.05,251.81,241.79
JAM,Jamaica,tCO2e/ million $ GDP,1598.44,1778.58,2263.92,1506.65,1514.46,1295.76,1201.98,1081.11,1090.81,1110.03,1101.34,1080.74,1039.01,1103.66,1020.20,925.38,995.26,928.62,688.60,627.88,549.07,506.65,454.59,501.62,495.87,478.08,516.74,471.54,533.83,517.51,401.62
NIC,Nicaragua,tCO2e/ million $ GDP,2160.36,1454.78,1377.61,1392.63,712.85,695.86,704.84,738.85,808.53,778.77,770.92,769.92,809.48,859.29,812.00,714.01,702.23,661.42,555.12,555.28,537.53,503.97,464.15,424.87,415.95,427.98,419.68,406.44,401.94,427.70,386.30
BFA,Burkina Faso,tCO2e/ million $ GDP,191.56,191.26,181.96,194.90,330.19,263.71,275.54,331.58,307.71,253.87,339.75,314.73,280.26,230.03,205.79,185.38,212.10,219.15,183.00,181.29,184.76,163.46,194.34,202.41,203.75,277.11,261.70,278.43,271.53,283.26,256.96
GIN,Guinea,tCO2e/ million $ GDP,374.65,339.93,321.29,330.94,331.62,314.45,318.02,340.91,379.73,414.27,499.07,554.35,552.67,495.55,487.67,624.98,450.57,314.95,289.02,316.23,365.20,386.40,323.22,257.86,253.54,286.83,326.50,321.72,315.02,336.03,320.27
TLS,Timor-Leste,tCO2e/ million $ GDP,false,false,false,false,false,false,false,false,false,false,false,1817.74,4056.26,5650.47,8290.10,9777.66,10660.64,9502.21,8465.72,8018.85,6975.24,5782.11,5121.90,4210.24,4027.44,3565.21,3348.55,3299.78,3182.40,2397.10,2365.04
MDG,Madagascar,tCO2e/ million $ GDP,403.25,512.83,457.99,431.74,531.62,567.70,432.39,532.42,567.66,599.94,555.53,480.77,382.46,384.78,510.17,457.57,411.98,317.48,264.95,286.23,294.97,283.38,331.20,325.42,333.72,395.24,400.79,386.06,364.74,395.65,337.50
MRT,Mauritania,tCO2e/ million $ GDP,558.62,404.46,414.32,495.20,487.69,478.55,498.15,507.19,486.29,558.53,628.65,675.12,714.50,635.55,598.31,493.18,391.64,429.85,388.77,487.29,435.61,374.56,398.15,331.88,425.19,520.15,439.75,533.31,533.55,509.55,509.23
HTI,Haiti,tCO2e/ million $ GDP,453.22,394.67,575.60,608.76,314.73,503.57,544.93,542.84,498.94,466.78,299.59,330.50,378.43,473.44,356.75,307.51,298.69,272.57,247.05,221.89,258.28,263.18,229.92,226.71,244.81,269.24,292.36,270.05,245.24,275.59,271.49
SSD,South Sudan,tCO2e/ million $ GDP,false,false,false,false,false,false,false,false,false,false,false,false,false,false,false,false,false,false,1445.29,1830.13,1620.27,1351.98,156.07,147.10,246.22,318.12,false,false,false,false,false
MUS,Mauritius,tCO2e/ million $ GDP,454.95,452.10,422.76,462.10,435.73,393.51,373.50,397.12,439.12,514.65,531.47,566.63,549.38,480.89,428.65,464.20,477.44,422.89,352.37,380.65,371.48,320.60,323.85,319.25,312.75,343.79,334.68,319.28,295.59,301.35,345.13
NAM,Namibia,tCO2e/ million $ GDP,false,396.24,376.00,457.83,467.18,465.73,503.76,495.99,543.75,534.67,519.91,720.71,665.92,481.01,375.20,363.86,324.64,300.21,353.26,349.28,281.77,261.20,260.27,299.33,301.17,346.37,373.91,305.34,286.16,312.18,340.69
MLI,Mali,tCO2e/ million $ GDP,159.51,158.99,165.68,180.46,269.14,224.17,238.24,271.70,327.36,290.35,369.34,345.09,318.18,271.38,266.07,240.22,229.03,225.27,204.98,189.99,201.52,180.59,201.80,199.54,203.19,236.54,225.07,219.35,204.80,205.44,204.39
ALB,Albania,tCO2e/ million $ GDP,3057.56,3865.94,3821.42,1908.73,1198.46,835.38,627.62,691.10,743.44,951.45,924.21,856.37,899.21,705.09,580.40,495.22,443.67,367.84,299.92,324.92,341.69,332.72,294.24,296.70,322.93,349.11,322.41,347.28,298.54,272.68,232.12
SUR,Suriname,tCO2e/ million $ GDP,4934.91,4978.77,5602.54,5370.30,3857.32,3444.77,2823.17,2678.53,2258.64,2882.67,2048.29,2372.84,1436.40,1326.34,1246.70,1196.85,778.32,674.73,589.63,551.50,571.20,610.46,639.98,590.08,648.98,685.71,1139.32,908.84,742.55,874.07,1188.90
NER,Niger,tCO2e/ million $ GDP,288.58,304.07,287.99,348.09,544.82,456.63,480.28,570.53,520.62,543.78,489.22,452.73,414.06,363.16,340.65,287.54,266.80,237.86,194.76,227.00,252.28,221.69,270.89,288.28,290.07,319.04,296.37,260.69,234.56,250.70,243.34
GUY,Guyana,tCO2e/ million $ GDP,3220.01,3432.39,3031.80,2514.86,2721.70,2557.80,2330.57,2385.81,2526.44,2594.73,2427.78,2404.63,2326.71,2265.89,2207.75,1868.63,584.54,608.68,549.65,532.50,529.67,513.14,507.96,488.94,514.84,491.98,531.71,500.91,519.23,521.17,523.21
MNE,Montenegro,tCO2e/ million $ GDP,false,false,false,false,false,false,false,false,false,false,1587.27,1473.24,1407.15,1130.57,1004.60,938.12,842.72,612.98,636.83,478.66,694.01,621.42,639.85,569.38,541.54,648.29,552.42,521.40,501.27,515.85,581.75
BHS,Bahamas,tCO2e/ million $ GDP,636.32,670.26,628.02,590.27,567.54,561.15,524.99,267.78,304.50,276.87,261.91,244.60,232.94,238.57,231.33,198.83,187.53,181.93,188.23,201.22,196.07,216.78,223.34,265.59,225.38,186.10,172.44,175.62,219.16,198.81,253.22
LSO,Lesotho,tCO2e/ million $ GDP,2339.81,2055.43,1808.59,1848.03,1803.70,1611.65,1737.72,1678.06,1837.02,1889.85,1969.47,2144.59,2321.27,1576.31,1238.65,1130.26,1068.27,1164.85,1136.16,1207.30,966.02,1118.55,1178.35,932.15,962.29,908.65,1005.76,1041.68,905.52,938.33,1027.18
RWA,Rwanda,tCO2e/ million $ GDP,440.52,552.99,515.37,527.05,1293.99,1050.30,1025.95,903.73,765.68,732.10,673.44,711.52,772.84,657.23,582.01,454.24,406.98,319.33,253.94,240.97,231.48,213.37,205.66,214.75,206.04,214.58,214.04,211.75,220.63,210.67,210.73
TGO,Togo,tCO2e/ million $ GDP,492.19,470.51,360.20,397.49,851.50,637.93,828.82,619.90,693.74,892.39,848.05,743.57,695.38,679.45,612.35,581.81,534.36,479.87,449.02,806.21,737.17,606.49,540.21,402.97,354.51,357.56,328.75,271.16,274.92,284.49,279.27
MWI,Malawi,tCO2e/ million $ GDP,369.48,342.31,421.72,407.85,735.32,622.13,389.56,344.39,526.05,544.96,529.11,527.15,265.95,295.48,289.49,273.43,255.15,242.81,223.01,196.04,167.13,157.63,208.58,234.63,188.47,195.05,254.97,171.61,176.73,161.60,147.46
MLT,Malta,tCO2e/ million $ GDP,916.02,810.74,724.06,1044.43,843.39,645.89,613.09,657.05,597.34,589.48,527.42,613.14,522.11,481.88,428.97,412.27,393.84,345.14,302.04,290.80,288.52,269.05,289.23,226.72,204.52,151.18,117.49,114.01,102.75,106.86,109.25
ISL,Iceland,tCO2e/ million $ GDP,298.13,274.79,272.85,317.79,326.54,280.05,304.23,282.55,250.58,232.18,242.91,259.41,240.04,194.69,165.74,132.76,130.82,108.81,119.28,160.65,144.23,124.87,128.19,128.11,116.49,119.60,80.19,69.01,66.08,67.32,68.06
MDV,Maldives,tCO2e/ million $ GDP,728.69,653.04,790.17,628.38,574.70,655.16,625.25,665.65,575.82,729.58,740.31,553.20,684.93,502.32,564.95,538.87,501.84,433.85,383.25,390.83,372.08,365.06,396.58,342.49,366.53,325.91,334.75,325.21,335.05,356.56,388.48
SWZ,Eswatini,tCO2e/ million $ GDP,1186.95,1127.89,870.51,752.87,1174.11,954.22,830.63,786.68,868.54,939.41,733.73,835.73,876.19,533.49,418.07,362.79,352.96,344.10,355.85,340.16,224.88,200.75,195.21,243.57,257.32,292.08,337.63,284.49,268.62,295.83,325.81
BRB,Barbados,tCO2e/ million $ GDP,482.66,478.86,463.15,443.06,446.09,441.55,422.75,423.02,385.18,393.66,371.38,382.74,363.66,362.50,345.44,321.74,296.44,271.60,318.98,343.69,314.90,314.29,311.48,302.50,267.75,263.50,262.06,232.06,244.56,215.68,228.84
SLE,Sierra Leone,tCO2e/ million $ GDP,489.77,439.08,478.94,426.22,384.56,271.47,330.12,269.81,368.70,294.91,524.50,405.99,397.19,397.33,367.84,270.66,313.42,233.23,207.40,211.10,217.39,249.82,224.86,209.53,226.87,257.10,318.64,301.17,255.52,254.86,257.96
FJI,Fiji,tCO2e/ million $ GDP,509.49,497.89,472.59,435.55,386.25,362.78,363.88,357.43,441.52,386.27,475.68,629.61,478.38,450.56,487.28,359.37,390.08,334.13,245.06,267.08,358.64,279.72,250.13,254.62,249.87,269.90,243.11,248.65,248.54,253.54,224.77
LBR,Liberia,tCO2e/ million $ GDP,false,false,false,false,false,false,false,false,false,false,454.71,467.14,455.70,623.58,569.50,643.99,560.00,422.83,292.20,286.68,351.52,340.92,321.60,261.23,338.24,350.94,383.92,341.59,291.64,305.32,335.04
BLZ,Belize,tCO2e/ million $ GDP,825.80,992.98,737.62,724.20,692.79,653.10,515.23,640.10,579.85,510.96,511.01,552.32,482.36,454.41,387.27,391.65,413.06,444.04,420.03,521.21,523.51,510.01,404.41,373.43,355.71,442.25,413.98,399.14,383.56,427.11,493.76
ERI,Eritrea,tCO2e/ million $ GDP,false,false,1321.10,1768.86,1712.09,1697.88,1531.57,1480.57,980.38,1117.54,1076.77,1099.20,1122.28,951.80,721.97,628.54,522.80,472.92,404.73,313.19,390.06,328.76,false,false,false,false,false,false,false,false,false
BTN,Bhutan,tCO2e/ million $ GDP,444.66,521.70,615.04,547.39,566.34,609.16,716.86,857.61,834.46,762.31,741.29,650.53,638.23,494.43,336.24,390.78,352.58,265.06,271.66,249.37,254.59,266.80,322.94,355.87,351.16,324.03,352.63,353.47,393.82,383.11,307.99
BDI,Burundi,tCO2e/ million $ GDP,165.71,196.68,185.77,224.37,227.67,216.81,256.95,232.50,260.13,289.33,301.67,239.74,264.24,218.19,174.38,144.12,150.47,141.65,123.28,111.20,159.09,160.70,156.09,149.45,134.82,118.17,167.47,195.07,249.95,274.05,255.53
SOM,Somalia,tCO2e/ million $ GDP,783.71,false,false,false,false,false,false,false,false,false,false,false,false,false,false,false,false,false,false,false,false,false,false,141.96,128.62,121.20,118.34,116.76,112.14,101.24,94.81
CPV,Cape Verde,tCO2e/ million $ GDP,598.91,530.91,512.09,352.96,432.63,414.04,443.05,469.01,475.37,498.97,567.11,636.74,631.27,514.89,450.06,464.52,468.19,303.84,265.85,298.28,324.88,303.77,301.76,271.28,266.90,313.06,326.46,330.38,302.42,311.43,364.27
GMB,Gambia,tCO2e/ million $ GDP,613.40,286.97,277.35,274.42,277.57,275.96,259.24,285.33,291.45,319.00,312.68,448.93,512.25,608.17,327.06,320.62,338.86,319.60,273.86,334.38,281.35,317.02,320.07,313.03,412.21,425.13,399.57,400.22,357.82,334.64,334.02
SYC,Seychelles,tCO2e/ million $ GDP,415.64,468.00,406.30,397.33,426.35,401.20,474.49,493.64,483.59,494.88,477.65,520.20,505.08,485.19,456.56,415.51,382.72,391.37,431.76,529.03,457.45,382.99,399.91,310.37,329.13,352.97,379.54,362.71,368.08,353.46,498.65
LCA,Saint Lucia,tCO2e/ million $ GDP,332.63,327.19,337.05,368.13,389.94,383.90,396.89,389.61,393.66,391.82,393.31,433.12,414.78,401.25,390.84,362.03,340.29,329.32,309.45,316.94,341.48,318.07,315.86,304.18,288.24,277.20,270.97,265.88,255.63,252.31,308.76
ATG,Antigua and Barbuda,tCO2e/ million $ GDP,474.89,459.62,437.63,414.82,382.06,407.43,402.06,393.17,392.93,390.63,378.16,402.13,411.48,421.18,399.47,368.24,343.80,319.33,312.47,369.28,405.50,400.92,391.60,400.27,381.36,366.73,348.40,340.67,316.70,301.62,346.35
AND,Andorra,tCO2e/ million $ GDP,395.22,367.42,336.12,407.50,399.69,360.58,371.21,394.15,405.12,413.72,366.64,338.71,302.57,226.51,193.65,182.05,157.95,136.27,131.83,140.60,149.75,135.29,152.83,149.15,141.11,166.79,161.91,155.10,153.69,152.13,155.27
DJI,Djibouti,tCO2e/ million $ GDP,605.98,623.24,636.95,656.15,600.99,634.49,599.18,660.07,765.75,733.66,677.39,657.74,676.00,666.19,594.23,605.81,562.64,554.53,474.72,443.71,459.95,383.25,363.91,244.96,151.85,161.81,132.48,123.58,112.61,107.29,105.22
GNB,Guinea-Bissau,tCO2e/ million $ GDP,704.62,673.15,784.75,781.83,779.22,728.44,654.54,734.68,835.04,853.65,396.12,377.46,367.63,408.62,386.04,356.88,365.82,329.88,257.56,282.61,283.57,221.40,248.67,236.50,249.88,268.93,258.69,227.08,211.21,225.96,229.79
COM,Comoros,tCO2e/ million $ GDP,152.46,161.99,153.70,161.85,234.66,195.75,200.98,231.31,249.12,253.36,298.74,290.08,257.53,255.45,241.75,224.82,246.41,140.51,124.61,155.08,184.81,146.62,157.60,172.19,149.53,192.44,215.14,258.95,254.63,272.97,268.16
GRD,Grenada,tCO2e/ million $ GDP,413.16,404.98,404.63,417.35,427.24,436.62,471.50,467.12,444.04,425.72,381.89,398.12,389.57,377.65,361.86,327.80,337.63,330.57,316.60,340.22,354.86,334.29,348.30,376.33,278.11,273.42,261.29,255.40,274.58,285.29,311.00
CAF,Central African Republic,tCO2e/ million $ GDP,102.73,103.09,107.30,123.24,188.80,146.85,165.71,178.09,235.08,236.92,265.28,271.27,250.79,202.22,177.78,167.50,160.28,139.90,85.98,81.36,81.58,79.66,78.56,71.30,68.82,108.74,113.09,107.32,103.15,105.97,101.69
KNA,Saint Kitts and Nevis,tCO2e/ million $ GDP,523.34,522.81,485.26,456.86,444.84,429.37,423.42,395.31,418.26,413.43,429.69,411.65,419.48,429.69,432.43,372.07,326.50,325.70,284.56,295.24,294.33,282.74,277.28,259.55,239.40,247.91,242.43,229.11,227.35,212.47,235.50
SLB,Solomon Islands,tCO2e/ million $ GDP,711.57,703.18,625.57,589.53,471.66,419.43,403.46,405.27,481.88,467.39,560.68,600.23,743.64,762.77,720.15,618.03,564.41,505.80,462.24,453.13,404.83,338.99,298.56,302.78,255.09,232.66,216.24,198.81,191.09,194.13,144.45
VCT,Saint Vincent and the Grenadines,tCO2e/ million $ GDP,343.64,349.65,320.91,380.36,422.54,418.34,408.46,408.60,458.22,443.03,363.60,405.56,403.27,408.96,415.17,396.07,353.85,344.73,312.83,403.47,324.24,315.08,329.85,295.90,347.00,313.39,313.40,265.57,285.30,258.31,252.03
WSM,Samoa,tCO2e/ million $ GDP,707.66,777.88,777.76,845.08,467.67,518.53,526.19,452.23,542.15,568.11,574.06,610.59,603.99,507.45,429.18,375.63,354.25,324.82,264.29,280.89,290.13,265.80,260.47,255.43,273.91,294.68,308.57,306.72,302.82,327.11,255.84
DMA,Dominica,tCO2e/ million $ GDP,311.27,285.31,268.31,269.22,262.51,302.71,238.47,300.67,288.14,308.36,375.75,408.87,316.93,353.91,392.97,407.41,397.95,389.20,361.64,334.92,349.31,303.58,343.62,343.97,346.02,334.54,316.71,317.51,297.96,284.69,322.88
PLW,Palau,tCO2e/ million $ GDP,false,false,false,false,false,false,false,false,false,false,1445.68,1375.33,1330.39,1400.33,1318.51,1190.32,1188.78,1123.19,1073.71,1091.07,1155.19,1079.68,1045.21,999.92,901.23,716.33,696.95,746.58,744.29,792.85,613.89
LIE,Liechtenstein,tCO2e/ million $ GDP,140.24,139.32,127.17,128.84,103.52,84.34,82.52,95.31,92.75,85.35,87.64,86.51,82.18,75.02,66.71,62.88,58.06,43.89,43.44,45.84,37.77,30.99,34.18,30.31,24.39,25.67,24.21,24.24,21.53,23.37,false
STP,Sao Tome and Principe,tCO2e/ million $ GDP,false,false,false,false,false,false,false,false,false,false,false,704.40,684.50,645.54,650.19,586.29,572.23,548.45,470.69,499.41,522.75,434.15,473.51,403.59,343.98,391.06,372.51,357.81,333.53,328.01,298.36
VUT,Vanuatu,tCO2e/ million $ GDP,396.14,332.28,304.66,317.72,272.14,267.91,327.51,326.28,315.68,333.57,328.29,360.18,315.69,276.65,169.04,155.96,140.20,203.33,171.14,215.15,189.50,174.25,161.13,147.57,205.74,183.75,193.75,160.22,194.04,178.21,135.25
TON,Tonga,tCO2e/ million $ GDP,740.55,683.81,561.04,623.15,470.94,473.98,364.70,438.16,495.55,571.75,502.32,522.87,556.46,610.64,508.98,447.67,461.62,401.32,369.60,442.09,320.85,259.09,232.20,254.52,257.80,251.48,294.62,288.68,274.31,315.21,241.60
MHL,Marshall Islands,tCO2e/ million $ GDP,false,false,880.71,854.61,819.83,771.02,843.42,842.78,850.56,835.33,891.22,866.28,881.29,867.59,900.78,870.68,883.29,891.16,877.56,916.74,877.77,819.45,770.35,769.85,791.14,795.91,727.01,700.27,681.89,636.01,449.97
FSM,Micronesia,tCO2e/ million $ GDP,false,false,786.64,754.54,786.17,834.03,874.46,974.22,977.74,905.33,802.93,721.66,652.74,686.54,623.14,488.25,476.45,528.06,445.00,543.02,354.28,383.23,404.59,436.61,441.63,457.83,442.72,400.09,367.72,359.29,263.79
COK,Cook Islands,tCO2e/ million $ GDP,false,false,false,false,false,false,false,false,false,false,false,false,false,false,false,false,false,false,false,false,false,false,false,false,false,false,false,false,false,false,false
KIR,Kiribati,tCO2e/ million $ GDP,602.87,519.83,527.88,618.08,497.88,534.28,520.18,487.14,480.60,465.00,527.85,549.91,605.29,515.34,496.25,551.13,619.59,438.68,453.76,442.53,349.65,300.00,304.28,345.70,337.90,356.45,317.63,386.31,373.03,413.63,314.52
NRU,Nauru,tCO2e/ million $ GDP,false,false,false,false,false,false,false,false,false,false,false,false,false,false,false,false,false,false,false,false,897.73,607.07,434.35,480.24,483.50,629.84,528.46,512.07,435.41,449.78,361.17
TUV,Tuvalu,tCO2e/ million $ GDP,725.26,715.42,749.26,789.14,762.39,807.19,559.39,614.13,854.39,555.27,524.07,708.91,540.31,436.87,372.85,371.03,456.50,463.98,298.05,377.54,299.03,260.23,249.07,225.29,219.30,209.17,180.16,170.29,184.03,164.14,119.88
NIU,Niue,tCO2e/ million $ GDP,false,false,false,false,false,false,false,false,false,false,false,false,false,false,false,false,false,false,false,false,false,false,false,false,false,false,false,false,false,false,false
Data source,Climate Watch
Data for,Location: World. Sectors/Subsectors: Energy. Gases: All GHG. Calculation: per GDP. Show data by Countries