Country Name,Country Code,2000 [YR2000],2001 [YR2001],2002 [YR2002],2003 [YR2003],2004 [YR2004],2005 [YR2005],2006 [YR2006],2007 [YR2007],2008 [YR2008],2009 [YR2009],2010 [YR2010],2011 [YR2011],2012 [YR2012],2013 [YR2013],2014 [YR2014],2015 [YR2015],2016 [YR2016],2017 [YR2017],2018 [YR2018],2019 [YR2019],2020 [YR2020],2021 [YR2021],2022 [YR2022],2023 [YR2023]
Afghanistan,AFG,..,..,23.81012701,22.71086418,26.22678975,26.81209923,28.21076807,26.88224161,26.915628,21.89712221,21.1514207,22.74025248,21.15780715,20.44460531,21.22966322,22.12404249,10.46680769,10.051874,13.38724696,14.05811237,12.9525996,14.27365702,..,..
Albania,ALB,19.39568914,21.73577378,23.1063696,24.05560851,24.66556227,25.08160659,25.30802592,25.34033192,25.16101033,24.41377839,24.93746193,24.48447822,22.91855334,23.06131685,21.50884574,21.763681,21.14196535,20.35840836,21.27941019,20.61965488,20.1145302,20.74698491,21.39440615,..
Algeria,DZA,53.33096965,49.19828261,48.30065537,49.98314079,51.49832082,56.5538885,58.1285649,56.68648158,57.8354418,46.9481768,49.9674271,49.14014652,47.36116836,43.90409997,41.94030182,35.38269671,34.24888957,36.33045168,38.80550175,36.84451859,32.51952438,38.94281069,45.90014735,..
American Samoa,ASM,..,..,..,..,..,..,..,..,..,..,..,..,..,..,..,..,..,..,..,..,..,..,..,..
Andorra,AND,14.84375504,14.92401761,15.06728909,15.49493665,15.78035401,16.03578288,16.16729519,15.47353148,15.43276711,14.76648871,13.12564606,11.90885311,11.07157967,10.61824715,10.1535313,9.981268716,10.14077941,10.39551767,11.07633372,11.69981763,12.66015827,12.36570615,11.92156863,..
Angola,AGO,72.12295494,64.88381154,56.07579654,53.11699779,54.62993328,60.40199346,58.10933117,61.88353785,60.2548204,44.05637413,52.36843758,56.02651389,56.91821896,53.36285218,46.20332557,41.93309219,42.64356787,42.16795377,47.93154185,49.76092161,45.67824234,47.52440955,44.87639955,..
Antigua and Barbuda,ATG,13.89073144,12.88252441,13.04602902,13.27137402,13.05335304,14.51846488,18.45224574,17.74097533,19.12391632,19.46093611,16.20414704,14.45307419,14.01963055,14.76031464,15.36541995,15.92502718,17.7630483,18.84903885,20.6520988,21.09392609,21.13358623,20.4929123,19.47359445,..
Argentina,ARG,25.99083601,25.24343398,30.55773709,32.6450991,28.81692201,28.62631404,29.20327967,27.41523613,26.27245994,25.2842048,25.25877626,25.21269761,24.42905706,24.00588144,24.27739449,23.15305614,22.05410721,21.78212322,23.71959233,23.15784774,22.40887637,23.9172428,24.16370489,..
Armenia,ARM,..,..,..,..,..,..,..,..,..,..,..,..,27.82709461,26.70904814,25.27053295,25.70869944,25.57713304,25.80953238,24.75655785,24.97160846,26.8172957,26.36434041,25.28166096,..
Aruba,ABW,13.17595453,13.05406907,13.24162087,14.89220981,15.59650825,16.29746113,17.65586324,17.47955029,16.18234888,13.04303599,11.546062,12.36644833,10.07606346,10.74966244,10.7994982,12.46882309,12.71382235,12.39482333,11.35816806,11.37203709,..,..,..,..
Australia,AUS,24.55053314,23.63352097,23.6117317,24.04209646,23.93491874,24.61850662,25.61483015,25.66594094,25.60457568,27.04597361,25.17316643,26.52174495,26.37901672,25.1869823,25.56612354,23.68290667,22.32322404,23.4765923,24.12796119,25.27350693,25.38624951,25.41757604,27.48299454,..
Austria,AUT,28.28480203,28.20874614,27.38807848,27.49837986,27.37376782,27.0742426,27.25937083,27.57263882,26.96021414,25.79284583,25.53499425,25.44743204,25.63396853,25.52494179,25.3646396,25.17491325,25.47680498,25.41186777,25.36642939,25.20452933,25.48873232,26.07048658,26.10688389,..
Azerbaijan,AZE,42.53830991,43.46263827,46.1542268,48.53984468,50.76903238,58.52425634,65.1534711,66.12118968,65.71036345,56.3585804,59.7713411,61.73284436,59.45579126,57.05441545,53.58685467,44.89132034,47.55780701,49.7017251,52.25053688,48.82363284,41.95632016,48.81817362,55.93614983,..
"Bahamas, The",BHS,12.14887197,9.536141037,10.61685636,10.8702392,10.3431254,10.80905228,11.73375298,9.259451101,10.38951169,10.01005814,11.49987718,12.04514197,13.03402858,13.03929585,13.38156504,11.25855614,13.28930796,13.08197658,12.29373459,13.27697244,11.96256125,10.20507304,8.24197125,..
Bahrain,BHR,..,..,..,..,..,..,45.283488,45.91786529,50.40766295,43.09970005,44.97594689,49.51719039,47.54907133,47.94537566,46.51977333,40.15386671,39.3054656,41.17680576,42.86055831,42.08032951,39.87192705,44.96824987,47.89501633,..
Bangladesh,BGD,22.27938268,22.58381187,22.83925437,22.47414879,22.77972001,23.29984422,24.09532051,24.50054101,24.7270013,25.29557218,24.95647673,25.0452996,25.30995939,26.30707016,26.31104678,26.83139483,31.06915138,31.24829062,31.98281723,32.85254586,32.91156193,33.31609439,33.9200805,..
Barbados,BRB,15.30642262,14.69143886,14.41976501,15.70493846,15.08782116,14.94567352,16.22307318,14.72935387,15.1402748,15.41372747,14.04720656,14.51657933,14.17579679,14.06238328,13.81489506,13.60688635,12.96326885,12.7416221,12.30370334,11.92170152,12.9231029,12.63837826,12.47905683,..
Belarus,BLR,33.47894633,32.46395547,31.81538203,32.7410515,35.01894311,37.83878489,37.20703445,37.04727922,38.8242464,36.11762296,35.39302312,36.08878908,36.28285989,35.90385104,35.37894489,32.69269269,30.95872521,31.55426107,31.26553303,31.73707805,31.3516474,32.14457341,33.18684879,..
Belgium,BEL,24.94383258,24.31215099,23.78733634,23.22665489,22.95999895,22.57377815,22.13992554,22.28195248,21.5954485,20.60002979,20.89458036,20.7778964,20.07524056,19.87919976,19.67482648,19.66988832,19.28822027,19.23536249,18.93393077,19.25936573,19.3835151,19.33640016,20.04953395,..
Belize,BLZ,22.73306859,20.897471,19.90627103,17.33591926,17.53157976,17.11407603,19.03425287,20.1503066,20.26772657,19.43551824,18.11732668,18.731288,15.83612311,15.80247588,15.90972469,14.85225799,15.735831,14.40189829,13.937973,14.3112994,16.5969788,17.22929508,15.56164021,..
Benin,BEN,18.75634821,21.60630613,21.25606482,21.76533589,20.49942461,21.61359239,21.15701378,19.51117718,17.66062208,17.91950793,18.00905314,18.13744911,16.95668469,17.24370929,16.41157749,16.38509544,15.70206831,15.10758585,14.64195675,16.3125612,16.29054905,16.46740038,17.01771681,..
Bermuda,BMU,11.07301006,10.30851114,9.584027138,9.568245741,9.618362688,9.951118868,..,..,..,..,6.597532363,5.667424558,5.118742188,5.299009118,5.004639859,5.124380479,5.349793642,5.509305385,5.701235971,6.370650363,5.634176242,5.411858794,..,..
Bhutan,BTN,36.43680288,38.29767259,38.55862027,39.24947114,37.37951645,36.91708257,38.68351871,45.09978799,44.27249239,43.01215921,43.81481676,41.97670598,42.60880225,43.36691194,41.6525963,42.48708598,42.55111127,39.03887645,35.26521728,33.09390338,31.79097983,31.62327589,..,..
Bolivia,BOL,25.73902218,25.42067648,25.47356924,25.59649049,26.83964948,26.26921942,27.65224746,28.28979041,29.73663978,29.22868449,30.14394175,30.36910664,29.33421963,28.5181929,27.62549988,25.20241628,25.32635898,26.36997443,26.24658947,25.21027455,23.49193201,26.36230039,26.20175888,..
Bosnia and Herzegovina,BIH,21.53739169,20.93761742,19.8153866,19.82008019,20.23349203,21.43283913,21.0300824,21.77243741,23.20141043,22.90764694,22.45400963,22.19325971,21.62320082,22.3236757,22.15636982,21.72645605,22.34435004,23.12107386,23.71135919,23.20379231,23.77756094,24.7736087,24.67639854,..
Botswana,BWA,46.30053029,44.76779382,43.96509908,39.61641319,38.82195502,42.85495221,46.62434344,45.48442124,41.1096621,32.91486985,37.27893796,41.43221525,37.5753343,39.10622989,41.7777034,37.54399949,40.34516219,37.10100502,34.80032767,31.94710542,26.69049763,33.06300875,37.40842022,..
Brazil,BRA,23.00661863,22.63952791,22.49532782,23.08381782,24.30662329,24.17257828,23.54402167,23.12538041,23.08529376,21.87859263,23.26797735,23.10205097,22.13364737,21.22480995,20.47246275,19.36004398,18.35475828,18.18850231,18.74905145,18.75462758,19.5061184,20.15020021,20.6976217,..
British Virgin Islands,VGB,..,..,..,..,..,..,..,..,..,..,..,..,..,..,..,..,..,..,..,..,..,..,..,..
Brunei Darussalam,BRN,63.66977334,60.04244742,60.66201863,64.1475462,67.85316898,71.56033867,73.17648608,71.30481892,74.11302144,65.40518727,68.65703585,73.67291765,72.65682516,70.02517779,67.85206522,61.36235797,57.28835725,59.72051088,63.2446819,62.5153211,59.13363024,62.70156422,67.92558542,..
Bulgaria,BGR,22.67758298,23.98088173,24.00451182,24.31940238,23.13340524,24.23239858,25.37040252,26.2601834,24.99057855,26.56734051,23.75417724,25.03010121,25.3837647,23.50748126,23.44430188,24.03013949,24.4597737,23.98929513,22.41462939,21.69482074,21.82485165,20.85114158,25.45011418,..
Burkina Faso,BFA,21.87075455,20.63892465,20.63381451,22.62507399,22.65917572,20.16583243,20.50385279,22.5483344,20.5479237,22.95588049,26.05555203,28.37227091,26.86751038,24.09575158,24.92953925,24.36137578,24.88151737,25.15077279,25.58944338,27.42591338,29.6512697,28.73540792,28.72360608,..
Burundi,BDI,15.53957069,15.57319108,15.80400049,15.74171231,16.32301916,16.9330036,15.31529124,17.15619422,15.41520528,16.91952896,15.38615628,14.80968132,15.75081302,15.58480051,15.49821159,11.76642869,12.20736309,10.99313081,11.10721703,10.93598,10.74295,10.59939,10.63778814,..
Cabo Verde,CPV,21.74719078,19.16407138,19.0535136,18.5259963,18.21808332,19.21107785,19.09227813,14.01154411,15.48151033,15.96945983,14.94145775,14.56997848,14.00680796,14.57827873,15.45569567,14.61589099,12.66684933,12.51880384,14.62868997,13.28519743,14.68663272,15.39171017,14.03581304,..
Cambodia,KHM,21.85665448,22.28735278,24.253861,24.98565248,25.64542844,24.99143036,26.18317012,24.94428584,22.37178985,21.66174196,21.86862448,22.1418106,22.97645491,24.06765417,25.60686085,27.67957211,29.45196274,30.84892761,32.28939312,34.22605072,34.56006067,36.83478442,37.89845602,..
Cameroon,CMR,28.48270099,26.1843316,27.4755882,28.42339128,27.67688547,27.96574126,28.70456505,27.12517689,27.6000471,26.51125318,25.84451173,25.77675973,26.62487218,26.74194593,25.70780278,25.09148801,24.18214457,24.26219529,24.68223121,23.82687805,23.03806544,24.50256686,26.30706343,..
Canada,CAN,29.50003752,28.44753546,27.57314103,27.90741045,28.39111972,29.21299152,28.84755448,28.68590191,29.3420195,25.07601821,26.35113316,27.1393406,26.6346688,26.61323518,27.13794246,24.41568255,23.29530055,24.02780289,24.62230596,24.07740788,22.45161732,..,..,..
Cayman Islands,CYM,..,..,..,..,..,..,9.828593363,9.650801805,9.084532433,7.903558921,7.065307699,6.813325371,6.857946093,6.923950601,6.896180449,7.006038297,7.28391279,7.193818235,7.414390774,7.707953575,8.148045836,8.533151711,..,..
Central African Republic,CAF,..,..,..,..,..,..,..,..,..,24.57368072,24.50992414,26.63835543,27.52307537,24.1910676,19.48260861,22.12525135,21.63823744,20.73722455,20.55575596,20.51197122,20.44818877,21.58732,21.1573,..
Chad,TCD,10.91267423,13.08313478,14.2598696,30.06554834,39.09820181,39.27233583,39.11032986,37.84097367,40.20119908,32.76056998,36.20024731,40.99687307,43.25266338,40.45934302,39.6909153,33.58470806,32.81417112,30.42941147,31.46876155,32.72909234,35.72623983,39.58541177,49.46039202,..
Channel Islands,CHI,..,..,..,..,..,..,..,..,..,..,..,..,..,..,..,..,7.722884725,8.035111411,7.923707117,8.016721997,7.670194695,8.692261807,..,..
Chile,CHL,27.83290073,28.48257298,28.51803459,29.7153366,32.75250218,34.03530241,38.68472919,37.46659702,31.98399142,31.88920115,33.46690302,32.44175424,30.55830033,29.43043731,28.90286706,27.88064041,26.77956505,27.38115607,27.86152277,27.20054002,29.88918967,31.34116566,31.96952421,..
China,CHN,45.53610318,44.79341234,44.45056753,45.62278485,45.90021167,47.02257848,47.55739756,46.88416923,46.97117236,45.95714729,46.49783114,46.52928947,45.42298074,44.17670454,43.08556811,40.84133997,39.5806215,39.85169845,39.68701182,38.58740546,37.84282172,39.290772,39.92411213,..
Colombia,COL,27.30577228,27.22281504,27.52901277,28.90378013,29.72589209,30.34814977,30.91346003,30.57903507,32.13109113,31.24703434,31.3713561,33.30215517,33.40550062,32.74755529,30.98585272,28.58944789,27.68916231,26.81485891,26.89546675,25.99342684,23.6500017,24.85766226,26.87571802,..
Comoros,COM,12.20627155,12.2063718,12.20631433,12.20627867,12.20629366,12.20649832,12.20643209,12.41024133,12.13563705,12.07332807,11.77544243,11.6973086,11.22256957,11.64828999,11.61092478,10.40840816,9.85451807,9.137350096,8.876795865,8.531000615,8.089453236,9.267578777,9.080239623,..
"Congo, Dem. Rep.",COD,22.4057063,30.01626655,32.61833688,28.85793841,31.78242349,31.79221049,29.73453615,30.20697115,33.2234554,33.01591566,38.68914996,40.94273752,40.25475638,41.28634597,42.97984786,41.7048639,41.16138163,42.19171622,43.25526011,39.65191584,41.21359589,45.34203535,47.70961444,..
"Congo, Rep.",COG,72.15267176,65.48845384,63.31892251,61.17235948,65.86448408,61.7104107,62.62918885,57.07041752,63.94197893,55.69794813,66.17916978,65.8738952,65.31021912,61.98930708,58.00141877,48.67895667,38.44745042,45.9671853,54.39199744,50.12867028,33.95176149,42.89369614,49.24562667,..
Costa Rica,CRI,25.44499083,25.21660207,24.56959793,24.1792375,24.66906192,24.26953411,23.71986794,23.89379476,23.55360244,23.52273814,23.32296521,22.58987067,22.20487739,21.34497248,20.61640542,19.96787847,19.65001128,19.31453971,19.55814326,19.23365693,20.36785113,20.60579236,20.64643811,..
Cote d'Ivoire,CIV,13.93680252,14.17861603,14.50052812,15.21233121,15.52607505,16.22417645,16.58395439,16.48317082,17.40883615,18.01630715,15.97657938,16.76240073,17.73245519,18.97952957,19.84554862,20.12155783,20.82071381,19.80856265,19.11168189,21.67760706,21.01125455,20.84093618,21.98100708,..
Croatia,HRV,24.20885308,23.80873139,22.91298251,23.33381455,24.13790717,23.76682126,23.3973272,22.93018623,22.74975973,22.59968976,21.31456216,21.49473024,21.09247473,20.58036745,20.77179993,20.54909787,20.54344888,20.15743649,19.80830526,19.88467559,20.66985955,20.19330276,19.91051508,..
Cuba,CUB,25.53508215,24.86238416,23.70134413,22.50593295,22.0396304,21.52682999,22.20473695,22.52699906,22.38649614,22.60470361,22.89360776,22.2582983,23.36719487,23.1503085,22.15207529,22.35380936,22.94280122,24.35662514,24.87790646,24.54953997,23.01787208,23.34743595,23.77004188,..
Curacao,CUW,14.78992193,17.46571237,16.50394645,15.48318111,15.02736672,15.40984041,16.09219655,16.39599226,15.2140225,16.94504025,15.01972892,13.63866201,13.78632467,15.33896245,16.35854944,16.50359761,17.15376222,15.40989743,14.41275036,13.27463837,11.98469387,11.43676931,11.18905861,..
Cyprus,CYP,17.68603455,17.3938334,17.93016221,18.01295541,18.06745916,17.89112301,17.83012994,18.19710261,17.89658538,15.95445968,14.49575873,12.76164616,11.7729348,10.76026424,9.9847041,10.20230476,10.86109183,11.357324,12.18250115,12.95292744,13.04440899,11.91306594,12.10948627,..
Czechia,CZE,33.49120748,33.90920025,33.2092894,32.34225338,33.57974959,33.61719819,34.33321599,34.18273662,33.65763346,32.98769447,33.17075187,33.65057382,32.9223275,32.64607051,33.83935076,33.7818228,33.40932728,32.70829701,31.77085441,31.53023622,30.68692941,30.26568427,29.61139528,..
Denmark,DNK,23.65270962,22.8907148,22.65573623,22.16299378,22.1296309,22.23953194,22.81959381,22.16667353,22.59393456,19.95019791,19.70492415,20.25469861,20.39791732,20.06180735,19.78499589,19.98745459,20.66861683,20.74323784,20.82449329,20.70893809,19.72066483,19.58833796,19.65629709,..
Djibouti,DJI,..,..,..,..,..,..,..,..,..,..,..,..,..,11.39562816,11.64420336,11.39514948,11.33870712,12.40612445,13.99160539,14.61028949,15.03826399,16.28710536,15.33349204,..
Dominica,DMA,15.86014638,15.38620652,15.46858153,13.60821628,13.27261357,13.01894274,13.16149115,13.41202943,12.71915998,11.36160545,11.70752927,12.83810256,12.75425053,12.31975621,12.49039255,12.53364749,11.99174712,11.0723695,16.15015889,15.08039851,12.22950242,12.17232961,12.03897347,..
Dominican Republic,DOM,31.67042451,29.73277266,31.08810875,31.88230289,31.81294451,30.26935767,31.10986126,30.54694685,29.59218881,27.78702354,27.92339361,28.39554288,28.42025851,29.24893357,29.76905868,28.49636818,27.57808736,28.068774,28.81128478,29.07733665,30.28247171,32.66212093,33.06966487,..
Ecuador,ECU,33.61759449,29.04959898,28.80796471,27.99929935,29.71170399,31.54458088,33.88670802,34.45813175,37.91930509,32.41761483,34.72418599,37.63463987,37.75527457,37.14612811,36.77882376,31.87212767,32.02300962,32.52358756,32.54262509,32.70232088,30.7257404,31.17354122,31.49225382,..
"Egypt, Arab Rep.",EGY,30.7518671,30.89885698,32.58350488,33.37058683,34.66791675,34.14872795,36.15473531,35.06538668,36.21255165,35.81644598,35.78451848,35.9517176,39.25130243,39.8869574,39.89033386,36.63020154,32.4559536,34.39586809,35.32987503,35.82542438,32.3694441,31.18763577,32.71143147,..
El Salvador,SLV,26.87772111,27.07794506,27.27513578,26.95253062,25.60392144,24.47128861,24.47179324,24.52193337,25.88129465,24.97003117,25.27591186,26.19541328,26.58935807,26.12164271,26.013534,25.28892954,24.83482787,25.17147273,25.07550676,25.34814372,23.7488207,24.22159474,25.16538048,..
Equatorial Guinea,GNQ,..,..,..,..,..,..,82.91490224,81.30169858,84.34919433,75.32473243,74.74456143,78.06487369,77.31150427,72.44925774,70.19094522,59.10058727,52.33025433,56.86222809,57.29508162,52.07541004,45.40541058,50.85312413,51.83893214,..
Eritrea,ERI,19.16068042,18.53351043,19.17384491,19.69660113,19.61273885,20.4623875,18.15290725,19.19520823,25.91468245,21.81933914,..,..,..,..,..,..,..,..,..,..,..,..,..,..
Estonia,EST,24.88270145,25.51855435,25.49024746,26.11263449,25.43172004,26.26032,26.94754855,26.882417,26.2192756,23.47501277,24.40124053,25.72239702,25.26639698,25.34999607,24.77265071,23.86328154,24.04753836,23.99888661,24.02416596,22.94932869,22.77945057,23.1064624,24.01891887,..
Eswatini,SWZ,39.39410809,39.47125721,39.28223192,38.3261795,39.82484758,39.78172449,39.82492531,40.4170426,39.59143841,39.90976434,37.70556388,36.7774863,36.79896077,35.6390913,35.61313955,35.7327075,35.34133577,33.8789758,33.23321916,34.83307094,31.37682878,32.54960871,33.37164095,..
Ethiopia,ETH,11.41046712,11.92792946,12.74027964,12.89950222,12.68554034,11.78883353,11.59231605,11.58949667,10.20685429,9.683480443,9.435128138,9.664642193,9.476137965,10.94455699,13.47132451,16.29779364,21.9325682,23.58190618,27.30570214,24.82236751,23.10229481,21.85002737,22.72200725,..
Faroe Islands,FRO,17.83875904,18.61712593,19.37018825,18.81790526,18.11926606,17.2377523,16.94183537,16.86811331,17.3235542,15.96324611,14.23571396,14.30281135,14.19396138,13.81341629,15.66818304,16.48553445,15.60074347,17.30649997,17.88793532,19.11334707,21.00436722,19.52976092,18.07624899,..
Fiji,FJI,19.58735269,20.62434875,19.90060361,18.65582867,19.76162877,16.45092857,16.1619036,15.4808294,16.08609369,16.67781186,16.9725804,17.41334029,16.72296805,16.33721435,15.01276558,15.17127,16.20268639,15.6940491,15.53731864,15.81866275,17.18899536,16.6732884,15.16449999,..
Finland,FIN,31.58997963,30.94628979,30.10990935,29.5290249,29.37300797,29.25185352,30.24112622,30.67000941,29.56322549,25.66039605,26.15829449,25.03106092,23.37878102,23.32163605,23.09748329,23.3058164,23.49736574,24.40068758,23.99619638,23.87829466,24.03649837,23.99068075,25.51721055,..
France,FRA,21.29393981,20.93836952,20.64945281,20.1918112,19.95758263,19.60960527,19.28408447,19.13673919,18.81383069,18.30484264,17.84573563,17.97816621,17.86855062,17.97180129,17.74593967,17.67969171,17.43413205,17.24115265,17.18837933,17.42467597,16.78585851,16.39562962,16.82211154,..
French Polynesia,PYF,..,..,..,..,..,11.37655284,10.4789642,10.9597416,11.41060601,11.7732055,11.09865901,10.66556864,10.81710811,10.61847624,10.79462685,10.82484305,10.66791761,10.35483897,10.28754674,10.68346243,..,..,..,..
Gabon,GAB,56.2551965,47.71007451,47.3156668,47.0391681,51.5005374,59.92236081,59.46631966,57.22220573,61.74200001,50.44675323,55.19246281,60.88121046,58.82460162,56.60861688,52.72224165,48.1836273,45.0378509,45.46730899,47.12708562,47.67886409,41.58907819,50.91876272,57.35667541,..
"Gambia, The",GMB,14.82267336,14.76682464,15.80697677,14.84902505,11.45166445,11.4940796,12.12389238,11.87953997,11.16205075,10.21100755,9.828166236,11.51266032,11.95836884,11.89469631,13.21483428,17.14345306,20.93559296,17.89275502,17.3104258,17.28260083,16.85368539,17.08805347,17.26163848,..
Georgia,GEO,20.99750128,20.53640995,22.7373927,24.08542637,24.17576825,23.7580566,21.71444318,20.90056374,18.94374282,18.92638719,16.85210984,17.95460522,19.17230133,18.512858,18.69843208,19.15249742,19.25549727,20.21436843,19.91775674,20.31255863,21.17755976,21.36808381,21.35721876,..
Germany,DEU,27.71237832,27.0691909,26.37872364,26.18678134,26.40484946,26.35329129,26.97439918,27.23650257,26.84868191,24.73580485,26.84889253,27.06897192,27.28398614,26.78261334,27.01099599,27.10978858,27.56850648,27.46232202,27.30627405,26.99111427,26.70737691,27.03409861,26.90219536,..
Ghana,GHA,25.40392229,25.21597974,25.27567435,25.2099151,24.71675627,25.12543594,19.38209477,19.49280657,19.39956455,18.51409213,18.01494281,23.86366009,27.13653359,34.08982221,33.89820258,31.11937966,27.69325495,29.95221739,31.17774403,31.107724,29.87675423,28.40501467,31.99254748,..
Gibraltar,GIB,..,..,..,..,..,..,..,..,..,..,..,..,..,..,..,..,..,..,..,..,..,..,..,..
Greece,GRC,18.74760261,19.3327722,19.43872231,20.51751706,20.3440195,17.80449024,19.987243,17.99835805,15.65977806,15.31347061,14.90122233,14.3771178,14.80477643,15.05994684,14.11966778,14.4993252,14.53201854,13.72869388,13.62843825,13.35468493,14.66704864,15.07815965,16.82286357,..
Greenland,GRL,..,..,..,14.63295873,15.71066153,16.24433206,16.72221526,16.78410752,18.21720942,17.98227505,18.08424492,18.06051859,18.91178514,18.13322723,15.6961946,17.04671163,17.68740706,17.01055293,18.21300677,17.14222827,18.34624939,16.06132551,..,..
Grenada,GRD,17.90951883,16.51185707,16.61715595,17.00871384,16.71183384,22.84784878,19.42265002,18.8185413,17.5549887,14.72587018,14.7093297,13.34303667,12.3180286,13.39782952,12.81043786,12.32428898,12.15518956,12.71587675,13.43317702,13.64176034,13.09416053,14.54795551,16.3018782,..
Guam,GUM,..,..,..,..,..,..,..,..,..,..,..,..,..,..,..,..,..,..,..,..,..,..,..,..
Guatemala,GTM,19.79111628,27.3420735,27.18268952,27.44249661,27.88335509,27.58113724,28.26904536,27.88436382,28.11681614,27.52597452,27.49182654,27.94362123,28.12343712,22.95294843,23.19271653,22.73751094,22.61444112,21.90490978,21.42643238,21.94225744,22.33335204,22.34255528,22.64955053,..
Guinea,GIN,31.38226258,31.81576118,31.321626,31.72386291,30.5082264,32.06006905,34.27539791,30.76639997,32.93284243,32.28872839,32.3138345,32.61439807,31.5767628,29.64071455,29.69416739,26.32463978,30.10384717,31.65398693,33.34100143,29.3907987,28.33300544,28.83516912,28.83516912,..
Guinea-Bissau,GNB,14.10938893,14.24840465,16.15661162,17.48574277,15.58787784,14.37857817,14.0024623,13.20012591,13.88156417,13.36106536,13.14174286,12.40179205,13.54244509,14.42470654,14.4150495,12.25397134,12.55358405,12.60017043,12.66526413,13.26296146,13.48016017,..,..,..
Guyana,GUY,20.00122998,20.08263633,19.64927588,18.04961684,17.11392535,16.66919386,22.07167914,23.65893779,24.73909508,24.56999831,24.90272708,26.45387707,26.58774987,25.62806498,24.39212723,24.71873879,29.38292731,26.20709068,26.25976398,28.68931863,38.79608015,50.38959242,67.82064166,..
Haiti,HTI,23.04848687,23.59848955,23.21169288,25.30987235,25.61287002,25.03670077,26.494693,25.2963113,26.7012019,26.22554115,23.53326873,24.59258027,25.37328252,25.68991933,26.56062976,26.05569094,24.44867789,23.70540839,24.13852103,23.38232622,23.32753945,25.52810878,29.34113803,..
Honduras,HND,29.3809339,27.69506071,27.26238826,27.37165815,26.5378388,26.24004476,26.78488327,26.15666926,25.94977686,26.0219597,25.5871307,25.81421601,26.1135718,25.40931972,24.5107788,25.64997094,25.8278975,26.53892231,26.5924588,27.07672913,25.95015891,26.58045746,26.25433344,..
"Hong Kong SAR, China",HKG,12.08238349,11.3479853,10.63652502,9.858602385,9.172944434,8.45767903,7.995870559,6.891085054,7.002103091,6.871197442,6.835827987,6.7171725,6.844524385,6.947699229,7.067506488,7.058016579,7.475714668,7.218762443,6.478878505,6.254714375,6.170581955,5.990224653,6.302345668,..
Hungary,HUN,27.048551,27.13782982,26.80702534,26.3890439,26.85061183,27.1817758,27.19185371,26.70197046,25.76106945,25.08934882,25.19990382,25.10410432,25.01819953,25.04907847,25.69053886,26.38323124,25.4924908,25.16968087,25.08482206,24.71178166,24.38944,24.17890841,24.60599054,..
Iceland,ISL,22.8576114,24.4555514,22.1813101,21.24982806,21.54353573,20.48971112,22.01742522,19.89426202,22.88624859,19.63197353,22.00612608,22.39728647,21.06730152,21.08294923,20.77706596,20.06093987,19.57767877,19.56025679,19.82184803,19.53163316,20.14446214,20.40357908,20.80775273,..
India,IND,27.32582838,26.48777734,27.66065416,27.47410712,29.2191063,29.53376419,30.92723994,30.90323825,31.13671924,31.12137211,30.72507823,30.16167976,29.39852769,28.40489956,27.6564012,27.34739148,26.61899994,26.50001665,26.4120919,24.59147531,25.02025424,26.07134929,25.65568565,..
Indonesia,IDN,41.96907464,47.89350079,47.74533116,43.74956609,44.62761598,46.54105887,46.94355874,46.79914152,48.06074477,47.65212258,42.77586634,43.91342343,43.59374442,42.63567744,41.92834213,40.0478624,39.30844398,39.3791548,39.72973745,38.951768,38.23839372,39.84495965,41.42929595,..
"Iran, Islamic Rep.",IRN,40.30591016,39.91726198,45.50293488,45.05994955,47.47047248,49.63724905,48.25990088,48.23566313,47.66878878,43.0965173,44.20937942,46.23228857,42.09416321,42.77886847,39.22822805,32.17473965,34.36750777,36.22932632,37.35278268,33.29714526,36.14055614,38.01373475,39.85569298,..
Iraq,IRQ,84.79597915,77.41957755,74.15785642,70.8382338,61.83506076,63.6084345,61.44419192,60.10771063,62.78885842,51.98979242,55.79349515,62.54802879,60.57698851,57.69152679,55.30759638,45.34028882,46.18250206,51.32968146,54.16994275,53.10940328,39.90409712,53.73313905,62.74905988,..
Ireland,IRL,31.50132261,34.0831219,35.10525023,32.25899428,30.76609246,30.03419212,30.0803732,28.52657244,25.92554979,25.6117523,23.33948064,24.09117632,23.76970112,23.8004578,24.45314489,38.25554322,36.76255105,36.04605351,36.78036757,35.3148022,37.63855549,38.46564517,41.48556677,..
Isle of Man,IMN,..,..,..,..,..,..,..,..,..,..,..,..,9.234801707,9.012033149,8.257548735,8.706772725,7.9069983,7.431955871,8.021557795,7.593255829,8.88444589,..,..,..
Israel,ISR,23.05213189,21.70480058,21.43099854,21.17731498,20.45585396,21.20037496,21.47305521,21.77869745,21.27533275,20.46007289,20.70914873,20.03661435,20.39476983,20.5112808,19.82426555,19.82274245,18.97351387,18.38609253,18.61330645,18.63429673,18.14044581,17.17212049,..,..
Italy,ITA,24.30930843,24.12080542,24.02951019,23.47936449,23.41895961,23.27159113,23.40095247,23.77192462,23.60137642,21.88480005,21.86576084,21.74970363,21.3450699,21.17245852,20.79842911,20.85638428,21.21794438,21.30040502,21.45015172,21.52700987,21.55892846,23.1922175,23.81958789,..
Jamaica,JAM,22.56354482,22.31730126,21.32290593,21.49253457,22.25833961,21.9006506,21.22011485,21.31539962,19.68812284,18.09085934,17.98633045,18.24902354,17.99386056,18.09906598,18.3652279,19.26597766,19.11196922,19.43699951,20.34854096,19.25358445,20.39123954,20.9347128,19.92208154,..
Japan,JPN,32.51358706,30.9812267,30.22260008,30.07892076,29.96693054,29.87170704,29.66557181,29.59729581,28.78297644,27.11121222,28.33597017,26.70143607,26.56264143,26.65074506,27.31362673,28.58371142,28.62994765,28.88242601,29.01400769,28.80408481,29.07340052,29.26286087,26.91643406,..
Jordan,JOR,21.4363112,21.46078539,22.78186635,23.03595391,24.7957582,24.9215739,24.84965435,27.54445113,29.64498574,27.75934497,26.26682864,26.79466943,25.80780431,25.64066059,25.50879656,25.23280626,24.66931196,24.51396985,24.07783293,24.11179068,23.55381002,23.42042402,23.94828073,..
Kazakhstan,KAZ,37.77582967,36.14182986,35.81093211,35.07526591,35.35184195,37.62801815,39.35645575,37.73089748,40.25024558,38.43148085,40.60242212,37.2660881,36.30285333,33.69881564,33.20942583,30.85478739,31.97979036,32.3252253,33.4962004,33.02879591,33.09779715,35.2669296,34.97939742,..
Kenya,KEN,15.01585603,15.30962409,15.45356118,15.62315004,16.20507734,17.01262604,19.38410594,19.30216808,18.58277173,18.38662467,18.57467277,19.66290083,19.26155256,19.08025911,19.0360328,18.8940457,18.16215929,17.50350921,17.31314613,16.93054523,17.40028763,17.15243578,17.65622358,..
Kiribati,KIR,10.49336207,10.45393443,9.197289682,8.829175906,7.945189143,6.748597447,9.951500082,10.49912965,10.89925127,10.33401496,11.92573526,12.9009366,13.67917626,14.516653,14.5388414,15.30036034,15.48002469,12.85743902,11.10771863,9.534234416,9.918768604,11.56426566,..,..
"Korea, Dem. People's Rep.",PRK,..,..,..,..,..,..,..,..,..,..,..,..,..,..,..,..,..,..,..,..,..,..,..,..
"Korea, Rep.",KOR,34.75531678,33.2209652,32.81274988,33.11125973,34.73483971,34.15033175,33.517273,33.45375008,32.51021797,32.90536001,34.11677597,34.45096726,34.13469264,34.44782919,34.09167237,34.14993567,34.29779968,34.76630854,34.04580231,32.67914892,32.5381602,32.4320155,31.72630126,..
Kosovo,XKX,..,..,..,..,..,..,..,..,27.04339864,27.99054188,27.04119832,27.51482472,27.50847669,27.1872163,26.51706683,26.94323282,26.8584266,27.52757197,27.90835853,27.08838447,27.55845663,27.44916199,27.57350263,..
Kuwait,KWT,..,..,..,..,..,..,..,..,..,..,66.06538248,72.70570141,74.81214967,73.09873441,70.54892632,55.93633334,52.13503269,55.6192159,60.32072893,58.38019059,45.42635665,..,..,..
Kyrgyz Republic,KGZ,29.19961994,26.83248899,21.31370312,20.24326767,21.68936955,19.96745267,17.55446612,16.68229999,20.4289121,23.63572933,26.26527379,27.44908809,22.25712973,24.84359467,23.88822892,25.07806232,26.546424,27.30809347,27.47851368,26.58031495,26.90424685,23.74830157,22.25886011,..
Lao PDR,LAO,16.4770694,16.99371479,18.38268973,20.12014415,19.35950977,23.22878956,26.17545125,25.39302052,26.94972317,25.16309379,30.46602109,30.81597019,32.43664467,30.42770755,28.81500055,27.69334425,28.75950464,30.9124754,31.53319249,31.53138199,32.41636783,34.12997772,34.10897973,..
Latvia,LVA,23.6200242,22.77453508,22.60531157,21.3174376,21.43365208,20.20982589,20.75264743,21.58137946,21.7707551,20.94962802,20.44580434,20.7232552,20.6213655,20.10076043,18.938519,19.10356882,18.51958928,19.04662218,18.65960365,18.9192156,19.64637229,20.35116147,21.57650877,..
Lebanon,LBN,19.96541122,20.43071372,19.11540593,18.31213873,14.57516638,14.76003823,15.00815138,15.50987735,16.21200383,15.43951679,13.80937621,14.50621607,15.48551974,16.34379623,16.20941013,15.70518464,15.95390381,14.92687978,13.80560238,12.49911818,6.638166395,2.758632074,..,..
Lesotho,LSO,35.16430785,37.99205688,38.70013563,36.47028812,34.66530775,33.77010711,35.48131965,39.12586171,40.56384007,33.30032239,31.46335213,33.19964991,30.81793982,29.02324456,32.16087362,33.7385657,30.34132076,28.57995291,31.13904258,30.91420453,30.87762659,32.91970707,30.6987703,..
Liberia,LBR,4.24715103,4.186181015,3.243096009,4.149037433,7.726989967,7.218187566,7.703261841,7.929315368,7.094959444,5.009739819,4.999614615,8.300116764,14.58892598,19.51825415,18.55481,16.82484548,13.770442,15.44165143,16.92386495,16.98960702,17.70799996,18.23881448,20.68854793,..
Libya,LBY,..,..,65.83038598,70.89381321,76.64251376,80.97429439,86.66955501,84.72750767,85.92039285,73.79725447,75.74498699,53.8989087,73.73692992,65.12375891,46.76927755,34.82896933,26.07707627,38.98001611,49.67675801,48.30346309,10.36227996,79.96087499,80.30803163,..
Liechtenstein,LIE,..,..,..,..,..,..,..,..,..,..,..,..,..,39.30458267,39.64717263,37.26026489,41.95437832,44.07861714,41.75503469,44.29522857,40.30361983,40.20096223,..,..
Lithuania,LTU,26.33555866,27.07565218,26.28262917,27.85768237,29.58529598,29.63997056,30.0299406,29.6173077,29.22149854,25.09185871,26.19809785,28.07874901,28.0159992,27.39489367,27.50772382,26.71806,25.94471536,25.89634329,25.61910601,25.32789166,24.91142533,24.88210343,25.73887898,..
Luxembourg,LUX,16.65467895,16.31385305,16.10805189,16.2313624,15.43934602,14.46612736,13.52057912,14.47596844,12.80514739,11.00660492,10.99797265,10.70843828,10.42671879,10.44294198,10.81088063,11.53962343,12.09593256,10.81833686,10.98065234,11.59889581,11.31189448,10.72099889,10.39672252,..
"Macao SAR, China",MAC,11.45873568,9.820002903,9.233367106,9.549941796,8.417465039,10.97161628,14.10170232,13.78449329,11.80331952,7.31595528,4.808470909,4.160602224,4.035006375,3.719346479,5.039268807,7.695964505,6.620618076,4.996772845,4.090661172,4.213344131,8.485165777,7.68616442,9.620125215,..
Madagascar,MDG,..,..,..,..,..,..,..,18.90683075,20.46859544,18.83320963,18.00752056,17.85327281,17.27608432,17.90961382,19.24978287,18.95088473,19.40994447,20.11235766,21.48195747,22.44549735,19.46618711,21.72586417,21.74005705,..
Malawi,MWI,19.04422144,17.8929694,19.80516022,21.18422955,18.44393458,17.52114531,19.21180627,21.29916384,18.93788918,18.06813119,17.93172882,18.16619967,17.71852208,17.4239449,17.26492671,17.55617213,17.65584221,17.74795965,18.37113077,18.53552612,18.68429687,18.41499308,18.34640477,..
Malaysia,MYS,48.32057149,46.202695,45.1153797,46.5786627,48.5303176,46.36832249,46.51565726,44.59599603,45.1050654,40.96782384,40.49893235,39.82426873,40.13500101,39.88537365,39.92442448,38.44966979,37.6832735,38.11471636,38.29143917,37.47655524,35.93473853,37.71526522,39.09515488,..
Maldives,MDV,..,..,..,12.37545923,11.05881246,11.73192956,9.51763413,8.745513595,11.44930716,9.620246815,9.431755714,10.07448208,9.790791637,8.058403007,8.413910697,10.72322653,11.27414921,11.42519843,13.05364877,11.94254381,12.56051384,9.191805668,10.26555694,..
Mali,MLI,21.52094779,22.67033855,22.6011138,22.75920793,22.61040743,22.63186255,25.84892278,23.75802422,21.70801252,24.36710311,22.73404931,20.64908003,19.86719896,17.184553,18.3849719,17.59796791,17.88024781,18.84708993,20.22894748,20.92330893,21.15737885,20.55449777,19.96299727,..
Malta,MLT,26.93848592,23.89399207,24.78859382,24.75403929,22.30964251,20.96410448,19.94459497,18.26320643,19.27437484,17.54089531,17.56626262,16.33787834,14.9253248,14.58718016,12.9888438,12.29359528,12.34256229,11.74184278,11.90626982,12.45458408,13.49836322,12.61889342,12.51789647,..
Marshall Islands,MHL,12.68107241,10.58653032,14.7821209,11.86634551,10.29716868,8.142225076,11.41278306,13.31567358,12.77736178,13.68027464,14.69375025,13.59503075,13.4111883,13.95572282,14.64247738,11.34683408,15.38522091,13.0795689,12.23051855,14.47180228,13.39944469,10.67933229,10.31686415,..
Mauritania,MRT,29.95185026,29.03614524,28.42029888,26.73455099,27.53211742,33.19032581,43.86966537,37.00524769,36.48908844,32.75441348,38.19290578,44.10790377,37.47417814,38.60977013,28.43777152,22.74691016,25.21984874,23.74542382,23.63503872,28.59843509,33.64653877,32.08189289,30.18734276,..
Mauritius,MUS,25.98549052,26.74268694,25.96900347,25.25071995,24.41050054,23.36437137,22.33633957,22.54526647,23.33757836,23.34964834,22.47196849,21.59977257,20.93975656,20.32691151,19.7179475,19.19317901,18.58451365,17.7627252,17.59954564,16.91088598,16.6414183,18.23908172,18.21115133,..
Mexico,MEX,34.38680032,33.30840375,32.8645005,31.50066168,33.00628682,33.05313763,34.38566668,34.02450195,34.84806239,31.99931388,32.53948706,33.82310221,34.09634249,32.16827511,31.91755411,30.84025359,30.61679139,31.95868467,32.04386545,31.77657087,30.9463705,32.07022475,33.55192172,..
"Micronesia, Fed. Sts.",FSM,8.182514989,8.253693703,6.786900063,6.637023259,6.118871173,5.251335964,4.054544229,3.150203843,3.759255849,6.886403932,7.235477937,8.162575644,8.338145057,7.3072983,6.03049045,6.113290836,6.04696166,5.429426942,4.866449371,4.817906279,4.885347093,5.022891171,4.854731619,..
Moldova,MDA,19.14766937,21.96913728,20.38476213,20.67288099,20.71753247,19.16759004,18.77790365,19.44239191,19.12173485,17.16287409,20.43389172,20.91072042,21.31451091,21.60325754,21.1263772,21.10766573,21.19446461,21.01887677,22.14797636,21.92334893,23.134523,20.63126068,19.41539644,..
Monaco,MCO,..,..,..,..,..,..,..,..,..,..,12.92234736,12.82520232,13.01624234,13.9971637,12.63037228,17.60046779,18.27193043,12.79992974,13.15049573,13.03537046,14.87645324,12.54164781,12.31912726,..
Mongolia,MNG,22.19614216,21.94188322,22.48462714,25.21995515,28.33344037,32.4965006,38.69260634,37.73477586,30.85103566,30.05655853,33.19424749,31.33374856,30.77159311,30.50689238,31.49762327,31.51587758,33.17807153,37.41841161,37.97567033,38.09269776,37.04967085,37.07557212,35.31221757,..
Montenegro,MNE,21.25900465,22.31432079,21.59535062,19.3294873,18.97294439,17.34154493,17.6826545,17.00298387,17.69478741,17.34875677,17.14840213,15.09421306,14.89050526,15.45724719,14.30364826,14.35346224,15.65498149,14.86137418,15.93412579,16.12944145,17.29468006,14.83549527,12.96530497,..
Morocco,MAR,24.3526302,22.86969299,22.63612244,23.32480131,24.00298761,23.68120688,22.75308141,22.42293928,24.31558226,22.25957486,23.71191269,24.50651919,24.26597735,24.15312888,25.81326751,25.62268173,25.68510458,25.40545481,25.24135381,25.24995241,26.04364339,25.79964181,25.47712377,..
Mozambique,MOZ,19.52922836,21.39385586,17.08210026,18.87681298,19.80666236,18.60613835,19.81623201,19.50853482,17.16774457,16.9004328,16.8681863,16.50933725,16.87400388,16.44572461,17.48846836,18.6152107,20.56698301,23.6070708,25.3339204,23.88826262,21.75399021,21.94117607,22.78773625,..
Myanmar,MMR,9.692261136,10.58049433,13.00689549,14.2582574,16.36636196,17.51220464,19.23729302,20.40912967,22.66581542,24.5320051,26.46806427,31.29164883,32.3730208,32.3622196,34.4897148,34.46882126,34.80950488,36.80092112,36.9634615,38.41261109,37.54391555,37.31088999,38.24713577,..
Namibia,NAM,23.47216566,26.4736692,27.09475894,24.04608419,25.08060975,24.78349542,30.12276344,31.81276891,34.19056171,28.75194508,27.42906842,29.32889118,29.98075467,26.5483435,26.63010297,27.56365362,27.51340327,26.07701851,26.86990511,27.05058155,25.81873495,24.9042645,29.69658247,..
Nauru,NRU,..,..,..,..,..,..,..,..,..,..,..,..,..,..,..,..,..,..,..,..,..,..,..,..
Nepal,NPL,20.73557003,16.6609083,16.94682474,16.97130006,16.65732027,16.46708923,16.06796681,15.87314018,16.04998664,15.06680347,14.20076226,13.39349059,13.97716181,13.79833756,13.56456523,13.16165463,12.65541777,12.86258589,13.20063963,13.01067541,12.04731993,11.79204255,12.02982262,..
Netherlands,NLD,21.74037128,21.89337202,21.14751056,20.77865096,20.71016426,21.02315737,21.20637212,21.15509472,21.50995522,20.30849399,19.69423658,20.06614808,20.0181939,19.33416406,18.41235333,18.18602103,17.6375087,17.70313732,17.80572542,17.56228053,17.856829,18.16165415,19.50927913,..
New Caledonia,NCL,24.11925081,20.63823446,21.50970399,23.36466815,24.88881741,24.49902377,27.91384445,31.84962052,23.93105858,22.59146116,26.16236788,25.3064766,22.77912402,22.58251252,23.93170624,22.10003596,20.16111541,21.24658053,..,22.32673267,..,..,..,..
New Zealand,NZL,23.58998323,23.10973336,23.85838246,23.25780958,23.55217102,23.9417689,22.99539546,22.96904212,23.24266391,21.40478727,21.17565481,20.99471893,20.92335704,20.2875516,21.37759097,21.1608052,20.09577139,20.4672026,20.32583246,20.35913148,19.70835431,..,..,..
Nicaragua,NIC,20.15532814,21.49934041,21.46227978,20.59476094,21.39699121,20.96656319,20.87463606,20.72727273,21.96388865,21.07682829,21.9686399,23.15746731,24.54746707,25.38725003,25.09865339,25.73517358,25.79465157,24.81703196,24.99489036,24.28069441,25.42082477,27.07924225,25.98926734,..
Niger,NER,18.09837916,17.20907195,16.5393297,17.30875231,17.75346729,16.32748792,16.62656863,19.67498641,21.25456237,22.33975655,23.00034119,22.77951052,26.53723973,26.04650195,23.60596024,22.53832868,21.24519507,21.07215369,19.69767795,20.58618049,20.23878495,20.83428155,17.53630006,..
Nigeria,NGA,33.82300329,28.27626627,23.04083719,26.0024149,28.39004006,28.20158345,25.7516356,24.34471784,24.7142489,21.23676148,25.31745224,28.27779989,27.0730175,25.74232124,24.64360859,20.1607829,18.17313173,22.31511719,25.73330658,27.38253705,28.22050552,31.40753404,30.77556872,..
North Macedonia,MKD,21.40633672,20.58654559,19.37806722,22.48840689,21.03844209,20.36200709,21.66258512,20.58092355,19.53312926,18.97270285,21.04226885,21.592422,21.0808587,22.14046476,22.82257866,23.92218322,23.96304609,24.25894588,24.05042988,23.70348341,22.7433488,22.58064862,22.94950569,..
Northern Mariana Islands,MNP,..,..,..,..,..,..,..,..,..,..,..,..,..,..,..,..,..,..,..,..,..,..,..,..
Norway,NOR,36.79982931,35.56961476,33.61632074,33.81378552,35.42608646,38.38041058,40.05629989,37.61926027,40.81159056,34.86907471,35.30948421,37.62458055,37.47657624,36.27393147,34.67383521,31.59863177,28.53061663,30.49336719,32.64461227,29.82445898,26.88316734,37.90192304,49.12445421,..
Oman,OMN,59.15665454,56.40137942,55.47339557,55.55509098,56.26454186,63.53557533,63.70126021,61.11883995,66.93528243,59.6034916,63.27330932,68.18724872,67.5381672,64.92868793,62.05657244,53.09853524,47.94024994,49.59439552,53.89353115,51.37925096,47.14779683,50.63368069,56.9789701,..
Pakistan,PAK,17.18363478,17.59349428,17.15888767,17.38858336,18.90714529,19.93302931,20.19911966,19.94495532,21.19554845,20.33724676,20.96501978,21.18648095,21.95837207,20.89102951,20.86599123,19.60261467,18.15011797,18.09932709,18.58905159,19.56389458,18.58946354,18.8964082,20.42188858,..
Palau,PLW,14.15191647,17.70070213,20.75933496,16.91852339,14.65055798,12.85960991,11.07590923,10.40449437,8.612096091,8.331893508,9.341357298,8.17424716,7.872303762,7.329913729,7.070680739,6.966255517,10.1910828,8.193277311,8.936950468,11.19290061,12.71640738,11.73301057,..,..
Panama,PAN,21.54830071,19.19779257,17.93160874,18.98862838,19.10955211,18.71515745,18.78418687,17.73938769,19.83167591,19.24972728,19.20903993,19.83719024,21.53537845,25.13752859,26.63459158,27.55908252,28.4405611,29.35225641,28.27158449,28.38745048,23.31903014,26.21853586,26.16937046,..
Papua New Guinea,PNG,39.32907414,38.49061685,34.90540946,35.25167329,36.99062557,..,35.3656203,34.53979774,34.38598701,29.77164175,33.16880986,31.33622035,27.57318033,26.54054718,32.78483362,34.80493013,34.72997158,36.35985974,36.92404507,36.71042702,33.04708756,34.04947307,40.34324238,..
Paraguay,PRY,35.563533,38.56191185,42.17102755,40.27338267,38.40528806,39.28938865,38.30579032,37.10112364,36.76884845,37.38083932,34.60391551,34.03456239,34.51409814,33.23292499,33.60807585,34.58225375,34.49678032,34.39375891,33.55617521,33.48931143,34.20429922,34.67968973,33.5423661,..
Peru,PER,29.0341337,29.03515644,29.44403216,29.88934946,32.65009762,34.35666742,37.45775499,37.69897996,36.32693447,33.55168254,35.7720066,37.23610028,35.53355336,33.85943675,31.70140393,30.33787987,30.55655058,31.29788412,31.6240835,30.44919578,30.23937546,34.80589162,34.02447622,..
Philippines,PHL,34.97528449,34.89761526,34.78343526,34.54056403,33.61869621,33.81367631,33.46258533,33.00086093,32.76528841,31.52254268,32.33955605,31.33868278,31.39949336,30.77544663,31.04744447,30.48195098,30.28591717,30.12655058,30.56374016,30.32750788,28.39991759,28.88980668,29.22623722,..
Poland,POL,28.79317232,27.38667363,26.63990032,27.45741024,28.76546875,28.63729519,28.76295899,28.66700687,28.66508345,29.50820867,29.67516007,30.46327948,30.29244038,28.73483399,29.9957896,31.11515282,30.76804779,28.86240326,28.75731364,28.63654319,28.34833116,28.10471774,28.09275973,..
Portugal,PRT,24.4615744,24.14388424,23.49698865,22.62971502,22.23695662,21.38330861,21.14765296,21.15335285,20.38627976,19.85719046,19.95009386,19.34496804,19.11347826,18.86789483,18.93678015,19.46438213,19.32796103,19.11726582,19.29930797,18.83272376,19.400455,19.24268109,18.62083271,..
Puerto Rico,PRI,46.06186529,48.33315031,49.24570846,49.00330628,47.94334048,47.23235667,46.85990165,46.77826207,47.39822596,49.40136286,50.90123835,49.78470718,49.63845742,49.26393363,49.93391628,50.93827841,51.15151236,50.22945954,50.6557671,50.84441206,50.31692732,48.67296738,46.2318442,..
Qatar,QAT,..,..,..,..,..,..,..,..,..,..,..,73.21426579,73.46916076,71.76825133,69.75794746,57.4407932,53.20526006,56.68796532,60.38152349,57.16456607,52.33343073,59.9840088,65.42940758,..
Romania,ROU,30.26346214,32.33720698,33.32698502,32.04849373,31.83478736,32.26587428,32.97827709,34.28218255,36.77415268,36.42487093,38.31521221,40.21208668,34.42465394,32.07418775,32.57141379,30.81202329,30.12189337,29.11024721,28.91867087,27.59180203,26.54793559,26.04928576,28.87746838,..
Russian Federation,RUS,33.91897032,31.83735412,29.05639281,28.65313499,31.70222243,32.62923207,31.78026059,31.2220408,30.7868817,29.32693903,29.99958822,29.41358884,29.10286807,28.19128918,27.93152706,29.79405999,29.17390507,30.67329689,32.55429805,32.15049584,29.71712458,31.77213467,32.7935316,..
Rwanda,RWA,16.82401794,16.44275235,16.39595087,14.29150463,14.58994892,14.9546849,15.83794844,16.73844551,16.26993919,15.69490152,16.33530741,18.17469661,18.23293566,17.62492602,17.55926595,17.45484584,16.84447868,17.28422868,17.33501331,18.83957978,18.62015922,20.31391456,21.23686177,..
Samoa,WSM,27.7265036,29.45242578,30.01209028,31.00839063,32.3616645,31.56548072,31.33195354,31.21484376,30.6045956,22.47145719,14.77778185,15.76615253,16.30707384,15.14672879,15.20952043,14.5012807,14.40868348,13.18495546,11.72041111,11.95963932,11.12237565,11.12975738,11.42476079,..
San Marino,SMR,..,..,..,..,..,..,..,..,..,..,..,..,..,..,..,32.02416615,32.40716495,32.45303154,36.21692032,34.77865695,35.61492209,36.63555816,..,..
Sao Tome and Principe,STP,..,16.74775548,15.03050658,14.21684681,13.37278052,12.85792723,12.85260586,13.13043865,15.61641674,16.29383407,14.689273,11.98650588,12.11110293,13.34370752,12.81634904,11.67945916,10.32952039,9.07470301,8.388262005,7.526113181,6.058836687,5.044571721,4.360241448,..
Saudi Arabia,SAU,53.52748129,50.8655636,51.08902671,54.04528273,56.78390008,61.8096272,62.61240395,62.77270054,66.50211314,54.74188903,58.11195432,63.24024049,62.27957887,59.42113334,56.65210951,44.74776079,42.53816873,45.06868476,49.2322322,46.1577757,39.61875892,44.30600624,53.23320442,..
Senegal,SEN,24.0081947,23.88434803,24.78379293,24.20861612,25.06737096,23.68185823,23.41521669,23.63528656,22.08172609,22.00072917,21.77617631,23.30613296,23.11179753,24.29421252,23.15260328,23.59660851,23.34405351,23.27769428,24.01344539,23.57280962,23.20904116,24.29979411,24.54048907,..
Serbia,SRB,35.29304497,32.88387173,31.72649621,30.00198508,30.28194055,29.14112502,28.73691687,28.20130252,27.60822649,24.90164673,25.28685254,26.66111078,27.0061224,26.83981234,25.23709073,25.7972639,25.82012701,26.08217378,25.49751601,25.59811074,24.90235593,25.00793688,25.57088922,..
Seychelles,SYC,41.71756776,40.37700107,43.51176125,39.39496242,21.26643813,23.5711088,23.34387485,23.01582563,22.41435194,20.17860379,19.60747024,20.68878951,19.72582016,16.53385461,15.76996021,14.18467723,14.10042723,12.4021585,12.55559057,12.77445417,14.7569497,13.59943806,13.45740988,..
Sierra Leone,SLE,26.75921137,8.020160478,8.928172976,10.46402779,11.92771871,11.41945221,10.65089887,9.785216556,8.027808731,6.685116542,7.780968169,7.897198731,14.5827465,21.22851293,15.61437001,4.42877899,6.760359454,5.191189813,5.270390151,5.55226087,5.243410348,5.933703095,6.549140284,..
Singapore,SGP,32.4585045,30.37966108,30.74567542,30.22480292,31.88589386,31.4076522,30.89429655,28.22577096,26.41533816,27.01631937,26.63587172,25.25959258,25.02220216,23.44272863,24.16851925,24.28802291,23.23339944,23.5120427,25.38630838,24.04778764,23.33872557,24.36408893,24.15695977,..
Sint Maarten (Dutch part),SXM,..,..,..,..,..,..,..,..,..,..,..,12.93268083,11.64503882,11.26160568,7.301341322,6.967498617,6.832956244,6.877031423,6.530379419,7.270145856,7.056706614,6.028524432,..,..
Slovak Republic,SVK,29.41685446,29.84645544,29.24033271,30.58215652,32.0426493,31.92698426,34.28624276,33.5447191,33.05655413,29.43670212,30.61908271,30.48420715,30.82072912,28.6486439,30.52335052,30.57187221,29.34163932,28.72403606,29.30406783,29.60431404,28.14144406,29.6282274,28.48137498,..
Slovenia,SVN,30.46787158,30.55059127,29.96705751,30.24665756,30.25487121,29.79048288,30.12192019,30.65368865,29.78825861,27.37381874,26.50608877,26.80882794,27.39458938,27.48895447,28.13684658,28.02676657,27.96565862,28.34251684,28.30314312,28.86490755,29.21464935,28.42644864,28.13757419,..
Solomon Islands,SLB,..,..,..,9.50877193,9.674840846,8.59956762,9.325101128,9.984211713,10.26433915,11.82190852,12.9725252,18.65059352,18.24490966,15.64766398,16.86040019,15.55203493,15.55671081,17.60230488,17.60163772,18.12150521,17.24498692,..,..,..
Somalia,SOM,..,..,..,..,..,..,..,..,..,..,..,..,..,..,..,..,..,..,..,..,..,..,..,..
South Africa,ZAF,28.22975551,28.53161312,28.50591602,26.89286806,26.30363667,26.01507927,24.85911763,25.29461831,26.94155611,25.74307619,25.3034631,24.83949115,24.46860024,24.55174177,24.30528201,23.73230797,23.7825373,23.61055649,23.53706084,23.62201528,23.35064974,24.61727802,24.67713681,..
South Sudan,SSD,..,..,..,..,..,..,..,..,59.18684062,59.27782774,61.14369966,61.22564324,51.15029222,22.22482785,46.69940073,33.0945354,..,..,..,..,..,..,..,..
Spain,ESP,27.96923984,27.95534335,27.74577348,27.42120444,26.99395069,27.16893278,26.93253691,26.30364868,26.29042099,24.89967952,23.15977586,22.08114025,21.03454162,20.26498099,20.0635672,20.07361153,19.99255218,20.04564332,19.86594776,20.0416214,20.136728,20.32406385,20.79462142,..
Sri Lanka,LKA,27.3180768,26.82059442,28.01061345,28.42457042,28.61810152,30.18808846,30.64229518,29.91981978,29.37119475,29.67143873,27.7831983,29.07314976,30.96985381,30.79568073,30.51789543,29.53541787,30.48271773,31.12827865,30.05681996,29.19100694,28.19028257,29.97470312,30.26766164,..
St. Kitts and Nevis,KNA,26.84273456,30.56503112,28.619539,24.35023434,22.70299497,22.24982233,23.15163916,23.23448339,21.94053377,23.22752035,22.54463649,20.93955569,18.66656496,19.70434591,21.35493773,22.7429111,24.50144126,26.25149164,24.55770257,25.31779803,23.1356479,22.5782935,21.75416445,..
St. Lucia,LCA,..,..,..,..,..,..,15.57183088,13.33867027,12.93315548,13.19410657,11.69936339,11.0709394,10.88233113,10.23825458,9.982469067,10.8656402,11.00890655,10.89328377,9.875622965,8.631559893,10.74307479,10.63040604,9.23846397,..
St. Martin (French part),MAF,..,..,..,..,..,..,..,..,..,..,..,..,..,..,..,..,..,..,..,..,..,..,..,..
St. Vincent and the Grenadines,VCT,16.65181392,16.20478211,15.33256378,15.71030684,16.18195356,15.8034606,15.91850163,17.57892076,15.70981424,15.86606877,15.90305475,15.13512361,14.57607677,14.70692612,14.1124131,14.94890992,14.38220338,14.67067445,14.55758495,13.69948802,12.59694878,13.36518047,14.71393263,..
Sudan,SDN,20.07971786,19.53811544,20.7757914,19.84131025,21.4151752,21.97634626,22.97786131,26.32852359,28.20733964,25.65087316,21.14204692,20.3300649,17.61752668,20.23674556,18.10049606,16.07121074,17.35460571,16.61740797,20.7757619,21.73630133,23.32818616,7.368743673,4.871401124,..
Suriname,SUR,24.8905012,24.768231,28.66302191,26.79902564,31.02888989,33.84364156,36.98306966,37.06736137,40.07011755,34.29216018,35.17051613,35.10932743,35.26226117,32.25369531,30.24748468,27.25718651,26.75701563,38.27369427,36.7622439,33.88076638,36.56067184,38.03341264,44.76932609,..
Sweden,SWE,26.37305551,26.01441609,25.61485505,25.1999315,25.06916487,24.90047201,25.25460747,25.44401403,24.48329593,22.40298075,23.75272871,23.63236188,23.00326522,22.06833913,21.78612128,22.15807176,21.71325637,22.12837188,22.00243729,21.90371194,21.59068762,22.69256973,23.95895192,..
Switzerland,CHE,25.46819598,26.24425789,26.43397651,26.00642138,25.55151011,25.82707424,26.00279319,25.93094508,25.94630114,24.74278723,24.69452587,25.03152647,24.60389113,24.70221273,24.32391507,24.20112582,24.08997921,24.21769432,24.42395718,24.72115913,24.82791568,25.57885649,24.87466743,..
Syrian Arab Republic,SYR,33.31907325,30.12398255,29.14387237,28.26116707,30.02349847,31.18721116,34.98300514,34.05780176,34.22428372,27.29728389,30.42652417,33.73321405,25.04881247,23.19360902,19.49522803,15.49133603,16.23677963,17.20686491,18.49595161,15.91604685,22.28454025,28.91248941,..,..
Tajikistan,TJK,35.27732692,36.18456978,35.1405801,33.11631033,30.91628427,27.36658063,27.36417002,26.42841523,24.55751963,24.50881063,24.97662615,22.46874906,22.04263462,23.11516465,22.60474151,30.2202135,32.21336623,31.84685796,34.3983608,33.06214906,33.79653947,35.1776826,..,..
Tanzania,TZA,19.20492174,19.37385186,21.48713959,23.23716005,23.09755611,22.93951558,22.84522244,23.19719007,23.73753919,21.67690864,23.55617366,26.38208409,25.39949872,25.44674503,25.14150348,24.48735011,24.85839937,25.04215119,27.00776551,28.67183336,27.08445029,27.29614189,27.69857926,..
Thailand,THA,36.66940838,36.32100349,36.89443145,37.91817489,37.9023025,38.50521071,39.14685588,39.43137188,39.47961297,38.60859889,39.9217257,37.98139827,37.34369414,36.89858846,36.76304037,36.17917733,35.58676541,35.01875953,34.74248967,33.59391051,33.2886495,34.9873384,34.996243,..
Timor-Leste,TLS,16.08596106,13.17908821,11.92023525,10.17514713,5.496810142,5.292471034,5.039308724,5.315188743,7.702510749,10.03458618,9.137311513,12.98574647,12.79113872,20.10621128,16.97929695,18.31407134,19.08786722,15.64891037,16.39189859,30.49591176,36.75200886,62.23897958,53.7540241,..
Togo,TGO,15.93204331,15.43031703,15.96686003,14.59646836,14.7231306,15.94282998,17.27290262,26.28840688,23.86235987,20.66288013,20.3367703,21.76414903,20.01546356,22.19852528,23.84768999,22.86644053,20.94986725,20.40162301,21.02975832,19.34441978,20.0749387,20.12682423,20.0373801,..
Tonga,TON,18.10590019,18.41793986,17.68804455,17.06831831,16.55344734,16.6587413,15.32382014,15.70155189,15.51137416,16.77200662,18.03804619,19.17127209,18.90121411,15.87143086,16.10513347,15.49235067,15.92873781,16.34949548,15.33010864,15.06011979,14.77590111,15.92272903,..,..
Trinidad and Tobago,TTO,47.53604681,45.20699108,42.90957541,51.49643806,54.36828015,59.64701535,60.81944155,59.65214217,63.97825968,53.13585288,53.81395645,57.05101228,46.49414579,44.7271417,43.28238488,35.68858738,34.2210354,35.91631279,38.55155443,35.71820211,30.77491801,39.95556534,48.94130627,..
Tunisia,TUN,26.80662105,26.43669833,26.5762343,25.561442,25.57977265,26.43356977,27.18473125,28.90834161,31.44941852,28.04121533,29.52355177,30.54812597,30.12153682,29.13794673,27.12888364,24.89673137,24.00745412,23.62391544,23.6861833,23.2351243,21.53696851,23.11673301,23.30429811,..
Turkiye,TUR,26.79741217,25.50362309,24.59171985,24.79368756,25.10695716,25.2372833,26.03384573,26.37394825,26.14778197,24.02384641,24.49015182,26.83751694,26.64934735,27.67999218,28.11666119,27.83434929,28.08295977,29.13172126,29.43859406,27.33170171,28.02576622,31.1327996,31.29376741,..
Turkmenistan,TKM,41.06069309,41.97198724,40.29840849,38.88561569,37.87185045,37.06399418,35.79017034,37.70962963,60.54578532,60.91024284,59.13116435,65.86929124,66.57985591,63.42771208,60.66960111,54.29333035,51.43254366,47.04388965,44.90639828,42.41227932,37.38268803,37.11277182,..,..
Turks and Caicos Islands,TCA,15.01505901,14.00733892,14.09497859,14.77539185,16.71645399,18.19911248,20.22391177,19.97395699,19.54305147,16.19959049,11.93633609,9.387359534,9.501884727,9.831777237,9.29815592,9.666266838,9.464749935,10.80044798,10.96149942,11.86664607,15.65289433,14.79471075,..,..
Tuvalu,TUV,6.244230769,7.415185185,7.350322581,9.541333333,8.996129032,7.417666667,5.403125,7.441176471,12.26052632,11.03888889,5.525714286,8.892105263,7.635,7.49075,7.393488372,7.015510204,..,..,..,..,..,..,..,..
Uganda,UGA,21.4381816,21.16865431,22.92010212,22.67670777,20.86400881,23.51010649,22.76616115,25.07733143,25.76811004,27.28618529,27.59183362,27.55829568,27.17860734,25.46466468,25.22268201,27.10988488,26.16646039,26.03099481,26.23601165,26.6204367,26.49052459,27.14944169,26.76614863,..
Ukraine,UKR,31.65027707,29.90789629,30.21551393,30.42670945,29.37176963,30.18619144,30.54345171,30.65852223,28.08343401,24.75983114,25.6492814,24.83912427,24.26605241,22.43026499,22.81899157,21.72795774,23.17836207,23.28880022,23.29333298,22.58041968,20.79994297,23.15371422,19.2438569,..
United Arab Emirates,ARE,48.51701163,49.67634129,47.54574758,49.12101292,51.67834808,55.6434763,57.90311172,54.84022859,58.01797844,52.044956,51.67845948,57.07712067,56.56806174,54.20381498,51.98971367,43.35424493,41.02857173,42.52803477,46.91895759,44.52451604,42.17404307,47.13932402,51.46446358,..
United Kingdom,GBR,22.62307949,21.71471947,21.29240356,20.84088962,20.24221309,20.26675265,20.13120585,19.73771184,19.99353665,18.55479267,18.58807263,18.32544404,18.30164292,18.6217729,18.22869519,18.09417512,17.59399893,17.80509988,17.90039883,17.75881958,17.38801913,16.6124289,16.68198885,..
United States,USA,22.45158608,21.46900445,20.65246551,20.73947669,20.95003656,21.20626982,21.58696179,21.42388216,20.79350737,19.2684773,19.31025724,19.40750234,19.16261132,19.24162602,19.33151521,18.58713204,18.04222128,18.43542408,18.63089824,18.28042804,17.50842848,17.88465336,..,..
Uruguay,URY,22.04520372,21.93513374,21.86232885,23.09379441,22.43480581,23.77533687,22.8965222,23.64404864,22.76735131,24.07940704,24.52885572,22.70512024,22.86222893,23.66924034,24.70064115,25.44175805,18.8673135,18.1290467,18.17545676,17.35082542,17.67356071,18.36808647,17.58281213,..
Uzbekistan,UZB,20.22975796,19.95208414,19.38874124,20.44595693,22.30568469,26.01203261,26.83847024,26.86271728,29.0650709,30.35264382,21.22951481,19.77798046,20.42793816,21.29451964,22.07089255,22.52046082,22.9212713,23.56048419,27.24191174,30.90516633,30.98354126,31.49075116,31.0946843,..
Vanuatu,VUT,11.22299084,9.047491996,8.951385659,8.189980481,7.597480577,7.847408918,8.094875645,7.949260842,9.109132519,11.19559891,12.87309988,9.994920543,7.874072577,8.211515929,7.513672136,9.923798285,9.977923902,10.16977732,10.02957171,..,..,..,..,..
"Venezuela, RB",VEN,46.40484826,42.91029316,46.65496991,48.84170707,51.11347644,53.08839747,51.9276624,49.28286268,50.61245934,40.81209353,48.40860228,48.63213241,45.16019843,44.72616122,37.24468889,..,..,..,..,..,..,..,..,..
Viet Nam,VNM,36.73077533,38.12942166,38.48667879,39.47000781,40.20874953,38.1311399,38.58473103,38.51162485,37.07769638,37.38818638,33.02287714,34.58040878,35.86023239,35.57515044,35.29856849,34.26654664,34.11522886,35.39036407,36.54243341,36.8031369,36.74371329,37.47623518,38.25927363,..
Virgin Islands (U.S.),VIR,..,..,..,..,..,..,..,..,..,..,..,..,..,..,..,..,..,..,..,..,..,..,..,..
West Bank and Gaza,PSE,21.49248887,24.02277893,20.06862028,23.19052419,19.98870327,20.9844509,18.35536526,17.56796258,17.33694463,17.55815823,18.62624593,18.934213,20.23606697,18.55869187,17.97179353,16.42523833,17.26277799,19.23177083,19.28412568,18.43289462,17.02839998,17.68512894,..,..
"Yemen, Rep.",YEM,48.78357907,44.90835457,45.15362295,45.91411101,47.80155215,51.52338326,51.95881062,52.30363645,52.57152771,52.78566606,52.96074775,53.10656509,39.74845544,38.99441415,39.88825801,33.86615935,25.90226807,25.92404097,25.44299784,..,..,..,..,..
Zambia,ZMB,23.24389415,23.36061169,23.87555244,24.13497304,25.69612518,26.84962403,30.39611732,31.90968043,30.99061557,30.22446888,32.23891476,34.44428192,32.01065039,32.55644911,32.94414802,33.65724912,34.87716661,37.30404492,34.48532158,34.94198122,40.25789898,41.83193847,35.28382102,..
Zimbabwe,ZWE,..,..,..,..,24.38274924,26.47797949,30.6507756,32.46205969,30.48296185,21.45429181,20.69371908,21.72029224,25.33061187,23.79961521,23.71854762,22.3583917,22.11505907,21.40499892,31.0378977,32.0259468,32.76751675,28.8055863,40.44438508,..
Africa Eastern and Southern,AFE,26.9075503,26.86402537,27.45228498,26.70112506,27.01314292,27.96323573,28.04527726,29.21869462,30.66600929,26.64722388,27.56194427,28.6886058,28.51424572,27.82055613,27.16266091,25.19173106,25.00052464,25.30357359,26.78164728,26.38548103,25.38057357,25.98352237,26.82185103,..
Africa Western and Central,AFW,32.03063137,28.0407616,25.25687263,27.31640733,29.1541012,29.55907122,28.02287883,26.92553413,27.9783754,24.4797803,27.21034295,30.19048922,29.56982904,28.64223153,27.24982654,22.97258911,21.46516374,24.34827937,26.62540416,27.50101967,27.24138211,29.40548236,30.05903273,..
Arab World,ARB,49.11895455,46.39452642,46.32457624,46.86023516,48.9743453,52.73503356,54.12568678,52.82998645,55.38373247,46.56736374,49.20415405,53.98703313,54.79185055,52.65304337,50.10136103,40.83196041,38.46365443,41.19657645,44.99995329,42.89330055,36.80025538,42.03049423,48.09905197,..
Caribbean small states,CSS,24.69194668,23.67822558,22.99580573,26.54227471,28.39356375,31.14724644,32.50658177,32.53964906,36.4500457,29.05570388,30.22246357,32.34966977,28.76968166,28.27790097,27.68927264,23.85454639,23.27945998,24.13426852,24.93912316,23.6954748,23.54870545,28.07878835,34.9267264,..
Central Europe and the Baltics,CEB,28.88859606,28.63664994,28.21958577,28.40746231,29.26116573,29.33958621,29.86045575,29.93283181,30.02424153,29.61748226,29.90011358,30.67260715,29.73696432,28.52852196,29.41075139,29.64679214,29.15456235,28.16239663,27.90869206,27.58094498,27.11878437,26.86994903,27.42041988,..
Early-demographic dividend,EAR,32.4077136,31.946761,32.94107944,32.54188332,33.68391948,34.94260221,36.05925191,35.70940531,36.98359013,33.67972167,34.34363086,35.29492214,35.09230248,33.98818868,32.86707318,32.02920545,31.46821952,32.01496862,32.98579809,31.91811516,30.76134958,32.51445928,34.20565899,..
East Asia & Pacific,EAS,34.04450687,33.23313077,33.08543983,33.35449105,33.67222166,34.23816259,34.96920675,35.40624394,35.60655221,35.08418522,35.86659854,35.89904154,35.73373841,35.91476438,36.06642555,35.38534814,34.58003345,35.03801185,35.18225196,34.50372726,34.25004744,35.53269331,35.91379854,..
East Asia & Pacific (excluding high income),EAP,43.70746018,43.78855389,43.57681544,44.18051501,44.61748197,45.56515443,46.05902586,45.52723354,45.76906273,44.84590047,44.80320777,44.96044701,44.11146887,43.0439872,42.16897419,40.1452667,39.00138527,39.27608751,39.21104823,38.18551127,37.45615023,38.9375918,39.63116204,..
East Asia & Pacific (IDA & IBRD countries),TEA,43.70044972,43.78153043,43.56982594,44.17342868,44.61032555,45.55784601,46.05163823,45.5199312,45.7617216,44.83870741,44.79602156,44.95320306,44.10424472,43.03699994,42.16213765,40.13881356,38.99508497,39.26973559,39.20468628,38.17933869,37.45010084,38.93130884,39.62476036,..
Euro area,EMU,25.16379659,24.88736214,24.48608974,24.1269022,24.03485496,23.84492608,24.03141635,24.01230445,23.62161512,22.16424639,22.37578744,22.36694304,22.1951488,21.91807146,21.83033873,22.2261431,22.2939804,22.25621365,22.23833688,22.18409204,22.21751065,22.56014786,23.07010778,..
Europe & Central Asia,ECS,25.42046783,25.02219524,24.55403493,24.2380029,24.28834608,24.44327475,24.74851484,24.71832371,24.8074448,23.18699766,23.61993046,23.89820552,23.7651133,23.45880207,23.1933371,23.22574581,23.08041565,23.34819954,23.51447757,23.31840631,22.96014757,23.65282692,24.64442653,..
Europe & Central Asia (excluding high income),ECA,30.16615026,29.37134382,27.74132589,27.5977875,29.18525456,30.06814369,30.37878651,30.28737927,30.33160148,28.62753728,29.18450432,29.56069604,29.30330286,28.76339804,28.73391564,29.06495888,28.79330484,29.95176175,31.14708646,30.32386135,28.89338179,30.99265343,31.93724495,..
Europe & Central Asia (IDA & IBRD countries),TEC,29.76433298,28.95249256,27.65898007,27.6644866,29.11629957,29.82387442,30.14403106,30.15364891,30.32795269,29.07263034,29.54920175,30.01628768,29.50481909,28.7891955,28.94368764,29.30089143,29.00592513,29.61986859,30.49797857,29.76287195,28.53666049,30.09875013,31.07258448,..
European Union,EUU,25.36386055,25.08240767,24.6934615,24.34167048,24.30845644,24.18205417,24.41832364,24.4410901,24.1360535,22.70362913,22.9738421,23.05296455,22.7986692,22.42009597,22.40218864,22.80467521,22.8221091,22.73973451,22.7183118,22.64822787,22.60317726,22.90531084,23.47319709,..
Fragile and conflict affected situations,FCS,..,..,..,..,..,..,..,..,..,..,..,..,..,..,..,..,..,..,..,..,..,..,..,..
Heavily indebted poor countries (HIPC),HPC,21.6193331,21.31941644,21.92253381,22.1977665,23.11669809,23.44689222,23.98802009,24.1883752,24.66986417,23.19578006,23.70474577,25.04158907,24.98234619,25.73847604,25.19681541,24.01048613,24.02480003,24.65847184,26.2241224,25.99621637,25.25026295,25.61281589,26.65258492,..
High income,HIC,26.53083388,25.43788387,24.78126055,24.78059038,24.93405388,25.1346234,25.35440111,25.19497376,25.0332494,23.30939136,23.88197984,24.13320521,23.98025363,23.71348929,23.62744296,22.79848429,22.41867531,22.74703397,23.04158762,22.610767,22.02519368,22.43365083,..,..
IBRD only,IBD,34.531495,34.27105725,34.83069144,34.83868997,35.7037975,36.29751274,36.90838161,36.5997837,37.2343238,36.00940784,36.47238172,36.79841714,36.55160699,35.73409149,35.1682455,34.89670606,34.05225231,34.30550507,34.95541084,34.08485751,33.66421638,35.34564285,35.89165911,..
IDA & IBRD total,IBT,33.6516646,33.33289503,33.739791,33.79019554,34.72405039,35.36198826,35.95101106,35.68117611,36.31469731,34.99455442,35.58373608,36.06284039,35.78455855,34.97843088,34.41387367,33.99947227,33.23215787,33.59927411,34.30232437,33.54462042,33.14502939,34.79567633,35.34891986,..
IDA blend,IDB,24.12176455,22.38238114,20.77368806,22.22322662,24.29474023,25.15584551,24.42986963,23.46066671,24.38373295,22.10817137,24.14886732,25.64166853,25.29636855,24.31877048,23.7955864,20.88012417,19.40589243,21.06047773,23.28876417,24.57994375,24.36479809,25.81845834,26.67902961,..
IDA only,IDX,24.92675735,24.30124373,24.46592929,24.21183273,25.28614455,26.12957309,27.49281089,27.46817965,27.69317262,25.40977838,26.40891259,26.77783567,25.60798984,25.89501241,26.14103612,25.39480368,26.4717062,26.9771016,27.90288541,28.19124288,28.16925912,28.3302693,28.97971957,..
IDA total,IDA,24.65220902,23.58082041,23.00240204,23.43423708,24.90341124,25.74861401,26.15729944,25.71919944,26.27765588,24.07273577,25.47750309,26.24758771,25.45757241,25.11397167,24.96791768,23.18621392,23.23098763,24.39952643,25.86321267,26.6223429,26.58601151,27.28037309,28.02099722,..
Late-demographic dividend,LTE,36.5930124,36.7588552,36.69021632,37.2644939,37.90971469,38.26255384,38.50921353,37.94565491,38.25179815,37.89553943,38.42992728,38.72283793,38.50329742,37.68131823,37.26759745,36.56981421,35.4844153,35.61752481,36.28362796,35.43972329,35.02081708,36.58545195,37.27572852,..
Latin America & Caribbean,LCN,29.50771095,29.34173632,29.96259944,29.70205253,30.66409172,30.65872469,31.12835476,30.28706741,30.37167279,28.08095033,29.19369304,28.94361089,28.60338496,27.64346503,26.9297626,29.14994683,28.2399222,28.27246641,29.21240488,29.07070145,29.19938939,30.56052587,31.22924338,..
Latin America & Caribbean (excluding high income),LAC,28.3425628,28.14163127,28.68702472,28.23682483,28.98828441,28.77081368,29.07152413,28.32578894,28.31127218,26.30029983,26.97716781,27.3039955,27.03645357,26.04903335,25.52393833,24.65919551,23.87804954,23.95762383,24.82264198,24.71703578,24.67127498,25.87141954,26.51962724,..
Latin America & the Caribbean (IDA & IBRD countries),TLA,29.27902817,28.99133776,29.56989421,29.30554956,30.40163452,30.48232959,31.00575862,30.16476341,30.24369214,27.78396459,28.95872226,28.75799009,28.39882991,27.41805544,26.69106347,28.96549306,27.966705,28.05697801,29.03850751,28.86460528,28.96879251,30.49869383,31.28688354,..
Least developed countries: UN classification,LDC,24.08096208,23.83045328,24.99762895,24.90887135,26.27927709,28.31068157,29.65762437,30.75870818,31.21605497,27.38359352,29.05234204,30.90502446,30.42688096,29.47411503,28.80083174,26.75970812,27.37887616,28.09520127,29.73844457,30.01378695,29.33511587,29.74934273,30.19115478,..
Low & middle income,LMY,33.68501524,33.43761955,33.87941317,33.88758631,34.75388689,35.36514602,35.9196553,35.68820057,36.34655966,35.07442747,35.50987775,36.05644627,35.85595783,35.07445983,34.53711406,33.4749281,32.73031585,33.14786548,33.87348567,33.1131168,32.69631465,34.35851841,34.87585344,..
Low income,LIC,28.95501521,27.4648438,27.20636812,26.64038361,28.46590879,29.43005915,31.54483282,31.5043475,31.79820775,27.5303813,29.37155715,29.28943726,25.56404909,24.59841893,25.57973463,23.82099639,23.24990506,23.57074883,25.93401687,25.24874421,25.3280779,25.06733219,25.37539715,..
Lower middle income,LMC,29.30845375,28.56637111,29.25729607,29.5329813,30.98418118,32.06803224,32.52178056,32.48371647,32.90964393,30.80426677,31.42774722,32.25452338,31.65182705,30.57832095,29.60302676,27.66908815,27.28573788,27.8989752,28.30709173,27.60402306,27.39244611,28.44566542,28.9770329,..
Middle East & North Africa,MEA,44.88751232,42.74159805,43.66580088,44.20646324,46.3426219,49.96253371,51.04518905,50.13962629,51.91525192,44.25153127,46.62566286,50.42225747,50.47630364,49.02309084,46.52925621,38.14982617,36.23253905,38.36625744,41.69616408,39.56040941,34.43500503,38.73387068,44.72614235,..
Middle East & North Africa (excluding high income),MNA,39.74288623,37.17869634,39.03980357,38.78731716,40.94561152,43.81906662,45.20639431,44.86634249,46.04678688,39.00259496,41.17256898,43.55009131,43.22101242,42.14606513,39.42461541,33.35933628,32.55575497,35.02006184,36.97658654,35.61487017,31.04168202,36.36137767,40.22061383,..
Middle East & North Africa (IDA & IBRD countries),TMN,39.88838024,37.2730808,39.16836084,38.89517917,41.08723507,43.96476193,45.35968509,45.00532656,46.19577742,39.12912599,41.31090154,43.71952891,43.38112909,42.34400913,39.61374187,33.52536704,32.71707245,35.19437528,37.1844252,35.82643274,31.2131475,36.58944219,40.43993446,..
Middle income,MIC,33.84774719,33.63152639,34.10471049,34.12072729,34.95894471,35.56263697,36.06976486,35.82835035,36.49738154,35.31807227,35.69388549,36.17376871,36.00784168,35.22409145,34.67121963,33.6247608,32.86401285,33.27605511,33.97857376,33.22173352,32.8007611,34.47424954,35.0037691,..
North America,NAC,22.92468574,21.92022127,21.0983963,21.25468247,21.52232431,21.86254245,22.21374947,22.08645389,21.60043207,19.76636127,19.98819223,20.19942622,19.91291799,19.9648856,20.05478513,19.04150597,18.43466314,18.86748172,19.09096738,18.71358877,17.86500844,18.12327498,..,..
Not classified,INX,..,..,..,..,..,..,..,..,..,..,..,..,..,..,..,..,..,..,..,..,..,..,..,..
OECD members,OED,26.0231718,24.97029997,24.28880577,24.18713971,24.3186587,24.41984912,24.63564443,24.49564503,24.21235056,22.62309585,23.09032377,23.18673592,22.9820793,22.76121235,22.72101815,22.2658735,21.96611033,22.26103474,22.36421053,22.02054923,21.58873762,21.88304717,..,..
Other small states,OSS,..,..,..,..,..,..,..,..,..,..,..,53.32782491,54.15621518,52.81097335,51.21179321,42.39238602,39.10658999,40.25146714,42.38050388,40.39532452,36.90313914,41.78869304,46.96350189,..
Pacific island small states,PSS,16.44263072,17.09775453,17.44136664,16.59311101,17.31873078,15.21845086,15.04090919,14.79574948,15.20403929,15.090812,14.91626784,15.86370888,15.33249887,14.55655638,14.05888411,13.99795108,14.70906033,14.48105295,14.16752305,14.43376393,14.64628942,13.99991985,13.46714581,..
Post-demographic dividend,PST,25.67820596,24.58308866,23.89140414,23.8573533,23.94671939,24.02122186,24.15013155,24.00065431,23.69618291,22.15949317,22.57657821,22.55285888,22.32030032,22.10375805,22.06826593,21.56000667,21.30397893,21.58211275,21.6852621,21.36849727,20.93677297,21.1435208,..,..
Pre-demographic dividend,PRE,39.1831524,33.70857368,30.79652218,29.31403574,31.30992907,32.96496351,32.68799611,33.03657279,34.94869876,29.4016071,32.38678547,36.28965288,35.95044187,33.94892303,31.99786162,26.73666479,25.80993875,28.73756747,31.54272816,31.63940095,28.61331389,32.20734768,34.39123438,..
Small states,SST,..,..,..,..,..,..,..,..,..,..,..,49.61518327,49.71803785,48.59262844,47.16164224,38.74234244,36.06614184,37.24347224,39.29228971,37.39209072,34.49576804,39.40204983,44.67194935,..
South Asia,SAS,25.27005755,24.75582232,25.68495478,25.60996901,27.18117498,27.72198891,28.94840509,29.09418358,29.25810045,29.33885695,29.18419403,28.70999839,28.18401408,27.31735804,26.76308775,26.35179733,26.01982782,25.98701874,26.02353272,24.87974157,25.18705149,26.09396491,25.97744579,..
South Asia (IDA & IBRD),TSA,25.27005755,24.75582232,25.68495478,25.60996901,27.18117498,27.72198891,28.94840509,29.09418358,29.25810045,29.33885695,29.18419403,28.70999839,28.18401408,27.31735804,26.76308775,26.35179733,26.01982782,25.98701874,26.02353272,24.87974157,25.18705149,26.09396491,25.97744579,..
Sub-Saharan Africa,SSF,28.69910292,27.36372836,26.62130684,26.99681541,27.86109256,28.61742142,28.05078041,28.26609493,29.47218881,25.75332533,27.42439054,29.32598993,28.98152567,28.20624069,27.2090704,24.1698738,23.39239967,24.89995841,26.71495854,26.89078933,26.23851133,27.48468214,28.19690874,..
Sub-Saharan Africa (excluding high income),SSA,28.67629263,27.33965478,26.58955472,26.97804465,27.86943448,28.62322012,28.05588249,28.27104172,29.47758877,25.75719075,27.42967797,29.33159499,28.98748114,28.21484928,27.21754429,24.17820381,23.40130864,24.91172755,26.72759654,26.90349221,26.24643688,27.49394249,28.20827708,..
Sub-Saharan Africa (IDA & IBRD countries),TSS,28.69910292,27.36372836,26.62130684,26.99681541,27.86109256,28.61742142,28.05078041,28.26609493,29.47218881,25.75332533,27.42439054,29.32598993,28.98152567,28.20624069,27.2090704,24.1698738,23.39239967,24.89995841,26.71495854,26.89078933,26.23851133,27.48468214,28.19690874,..
Upper middle income,UMC,35.25484832,35.23622639,35.69620864,35.65645627,36.26114,36.67647674,37.18506631,36.87844176,37.54074178,36.68779455,36.95853527,37.27285784,37.21109535,36.44837858,36.03729887,35.28933932,34.49708623,34.80651379,35.51699497,34.77912406,34.29485376,36.07974396,36.63913055,..
World,WLD,27.78332724,26.86261456,26.37872401,26.37960186,26.77196987,27.26557915,27.77789824,27.84083982,28.1736484,26.64585266,27.60095401,28.14091493,28.13395609,27.80107228,27.56337842,26.86755264,26.31832561,26.79972124,27.25480745,26.73563484,26.17799142,27.22943783,27.51320663,..