"Renewable energy share of electricity capacity and generation (%) by Region/country/area, Indicator and Year"

"Region/country/area","Indicator","2000","2001","2002","2003","2004","2005","2006","2007","2008","2009","2010","2011","2012","2013","2014","2015","2016","2017","2018","2019","2020","2021","2022","2023"
"World","RE share of electricity generation (%)",18.29,17.81,17.75,17.28,17.71,17.88,18.03,17.78,18.50,19.27,19.43,19.76,19.51,21.44,22.21,22.67,23.56,24.24,24.87,25.85,27.65,27.79,0.00,0.00
"World","RE share of electricity capacity (%)",21.40,21.78,21.56,21.50,21.70,21.91,21.95,22.22,22.80,23.50,24.13,25.06,26.12,27.21,28.20,29.55,30.77,32.07,33.14,34.59,36.61,38.39,40.37,43.17
"Africa","RE share of electricity generation (%)",19.05,19.49,17.96,17.29,16.33,17.60,17.59,16.80,17.26,17.84,17.78,17.51,17.21,17.74,18.07,17.98,18.17,18.80,19.86,20.66,22.31,22.74,0.00,0.00
"Africa","RE share of electricity capacity (%)",22.43,22.05,22.08,21.56,21.30,20.46,19.91,19.21,18.92,19.45,19.18,18.85,18.73,19.08,19.37,19.87,19.87,20.92,21.37,21.65,22.35,22.65,23.64,24.27
"Algeria","RE share of electricity generation (%)",0.21,0.26,0.21,0.90,0.80,1.69,0.62,0.61,0.70,0.89,0.38,0.94,1.02,0.49,0.61,0.47,0.61,0.84,1.02,1.03,1.06,0.91,0.00,0.00
"Algeria","RE share of electricity capacity (%)",4.52,4.52,4.18,4.10,3.93,3.52,3.02,2.81,2.57,1.93,2.10,2.09,1.86,1.59,1.59,1.66,2.49,2.88,2.72,2.46,2.31,1.96,2.22,2.12
"Angola","RE share of electricity generation (%)",55.54,54.84,57.60,56.90,70.06,74.85,75.08,75.33,73.38,64.31,63.92,66.25,55.29,38.45,45.06,44.40,50.56,64.42,69.76,71.87,73.70,73.70,0.00,0.00
"Angola","RE share of electricity capacity (%)",54.81,54.41,54.41,54.41,71.31,71.31,71.20,76.63,77.21,77.21,66.97,59.15,51.23,44.19,43.63,42.57,55.85,51.13,57.12,59.40,61.61,61.61,63.30,63.45
"Benin","RE share of electricity generation (%)",1.95,2.38,2.42,2.11,1.84,0.70,0.00,0.00,0.16,0.19,0.00,0.00,0.28,0.00,0.25,1.13,1.97,1.64,1.64,0.40,0.40,0.22,0.00,0.00
"Benin","RE share of electricity capacity (%)",0.88,0.83,0.83,0.83,0.83,0.81,0.35,0.29,0.26,0.35,0.51,0.50,0.81,0.36,0.70,1.67,1.67,1.67,1.92,1.12,1.13,1.13,8.63,8.63
"Botswana","RE share of electricity generation (%)",0.00,0.00,0.00,0.00,0.00,0.00,0.00,0.00,0.00,0.00,0.04,0.06,0.29,0.25,0.12,0.11,0.19,0.18,0.17,0.18,0.26,0.24,0.00,0.00
"Botswana","RE share of electricity capacity (%)",0.00,0.00,0.00,0.00,0.00,0.00,0.00,0.00,0.00,0.01,0.06,0.05,0.51,0.54,0.20,0.23,0.36,0.37,0.40,0.64,0.64,0.68,0.68,0.68
"Burkina Faso","RE share of electricity generation (%)",25.17,14.71,17.48,21.57,21.44,19.46,14.71,18.18,21.95,18.91,20.82,15.49,15.61,14.66,10.68,9.75,14.78,13.04,16.74,25.81,28.40,27.37,0.00,0.00
"Burkina Faso","RE share of electricity capacity (%)",40.00,40.00,40.00,17.58,15.07,13.60,12.44,12.59,12.54,12.54,13.30,10.60,9.07,13.32,11.72,11.44,11.66,20.32,23.57,21.14,21.23,19.15,23.99,35.18
"Burundi","RE share of electricity generation (%)",100.00,100.00,100.00,100.00,100.00,100.00,100.00,100.00,100.00,97.11,88.46,91.76,98.12,88.12,85.44,86.11,88.30,84.06,82.35,77.42,70.28,61.30,0.00,0.00
"Burundi","RE share of electricity capacity (%)",90.80,90.80,90.80,90.80,90.80,90.80,90.80,90.80,90.80,90.80,90.80,77.78,77.91,72.72,72.72,72.83,73.12,51.53,51.76,51.76,51.85,54.82,60.14,60.14
"Cabo Verde","RE share of electricity generation (%)",3.11,2.16,3.16,2.70,2.94,2.73,2.97,2.56,1.93,1.58,1.21,7.04,19.01,21.28,22.21,20.27,18.60,17.64,20.80,18.66,16.82,18.27,0.00,0.00
"Cabo Verde","RE share of electricity capacity (%)",0.00,0.00,2.69,3.40,3.02,3.02,2.99,2.83,2.37,2.46,7.33,18.42,21.03,23.22,23.22,18.58,18.83,18.91,21.06,23.48,22.75,23.67,23.20,25.10
"Cameroon","RE share of electricity generation (%)",100.00,100.00,100.00,100.00,100.00,100.00,100.00,90.38,94.00,89.31,88.31,87.98,85.93,80.89,80.49,77.75,77.76,79.26,79.27,79.27,79.27,79.27,0.00,0.00
"Cameroon","RE share of electricity capacity (%)",91.02,91.13,83.46,83.47,82.51,82.04,79.76,78.04,76.75,70.38,71.83,73.15,66.51,57.74,57.81,55.53,55.59,51.34,51.43,53.96,53.97,53.92,53.96,55.02
"Central African Republic","RE share of electricity generation (%)",99.71,99.71,99.71,99.71,99.80,99.82,99.82,99.82,99.80,99.82,99.82,99.82,99.82,99.82,99.84,99.72,95.63,96.47,96.47,96.47,96.47,96.47,0.00,0.00
"Central African Republic","RE share of electricity capacity (%)",47.30,47.30,47.30,47.30,47.30,49.93,49.93,49.93,49.93,49.93,49.93,50.07,50.20,50.20,46.54,46.54,46.54,46.54,46.54,46.56,46.56,21.02,21.02,38.02
"Chad","RE share of electricity generation (%)",6.60,6.97,7.06,6.54,6.00,6.92,6.92,6.10,6.32,6.90,6.86,6.61,6.72,6.86,6.97,2.80,5.35,5.39,5.46,5.46,5.57,5.59,0.00,0.00
"Chad","RE share of electricity capacity (%)",6.45,6.45,6.45,1.31,1.29,1.27,1.27,1.12,1.12,1.12,1.12,1.12,0.71,0.72,0.72,0.76,1.15,1.15,1.28,1.28,1.45,1.47,1.64,1.64
"Comoros","RE share of electricity generation (%)",0.00,0.00,10.04,12.58,12.19,11.65,12.49,9.65,10.42,9.73,7.29,8.01,7.89,8.18,8.70,0.00,0.00,0.00,0.00,0.00,0.00,0.00,0.00,0.00
"Comoros","RE share of electricity capacity (%)",0.00,0.00,5.12,5.00,5.68,7.64,8.16,9.35,6.28,6.28,6.28,6.28,6.28,6.28,6.28,6.28,9.45,10.72,10.72,10.79,10.74,7.73,20.24,20.24
"Democratic Republic of the Congo","RE share of electricity generation (%)",99.90,99.90,99.90,99.90,99.90,99.90,99.90,99.90,99.90,99.90,99.90,99.90,99.51,99.90,99.90,98.17,99.31,99.16,98.92,99.13,99.07,99.04,0.00,0.00
"Democratic Republic of the Congo","RE share of electricity capacity (%)",99.21,99.22,99.22,99.22,99.22,99.22,99.22,99.22,99.22,99.22,98.81,98.41,98.94,98.86,98.86,98.82,98.82,98.83,98.80,98.80,98.80,98.80,97.51,97.69
"Congo","RE share of electricity generation (%)",99.02,99.96,99.87,86.76,84.17,83.08,83.25,83.46,82.42,65.93,57.30,62.10,58.82,54.19,48.41,43.97,41.42,42.81,40.64,40.66,40.66,40.66,0.00,0.00
"Congo","RE share of electricity capacity (%)",75.48,75.48,61.93,61.93,61.93,61.93,61.93,43.82,43.82,43.82,16.88,16.88,32.69,32.70,32.70,32.70,33.38,34.64,34.64,34.64,27.53,27.53,27.54,27.54
"Cote d'Ivoire","RE share of electricity generation (%)",36.90,36.88,32.74,36.16,32.54,25.90,27.39,32.79,33.65,36.94,27.61,29.58,25.90,21.32,23.44,15.86,15.16,20.57,29.61,24.69,23.15,18.72,0.00,0.00
"Cote d'Ivoire","RE share of electricity capacity (%)",49.14,49.14,49.14,49.14,49.14,49.14,49.14,49.14,49.14,49.14,42.59,42.59,41.51,38.84,36.16,33.30,31.33,39.91,39.94,39.46,39.52,38.86,36.04,37.00
"Djibouti","RE share of electricity generation (%)",0.00,0.00,0.00,0.00,0.00,0.00,0.00,0.00,0.00,0.00,0.00,0.00,0.13,0.12,0.50,0.28,0.68,1.01,1.08,0.66,0.48,35.35,0.00,0.00
"Djibouti","RE share of electricity capacity (%)",0.00,0.00,0.00,0.00,0.00,0.00,0.00,0.00,0.00,0.00,0.00,0.00,0.23,0.23,0.23,0.23,0.28,0.29,0.29,0.29,0.29,14.20,14.20,39.52
"Egypt","RE share of electricity generation (%)",20.03,19.82,15.90,13.63,13.07,12.03,11.62,11.04,12.28,11.01,9.56,9.36,9.26,8.76,8.41,8.31,8.64,8.41,8.09,8.98,12.13,12.33,0.00,0.00
"Egypt","RE share of electricity capacity (%)",16.94,16.94,17.11,15.54,15.38,14.19,13.60,13.61,13.47,13.01,12.42,11.63,10.99,10.58,10.58,10.36,9.45,8.41,8.60,9.74,10.03,10.50,10.59,11.17
"Equatorial Guinea","RE share of electricity generation (%)",4.05,4.12,4.12,4.12,4.05,4.05,4.05,2.30,2.30,2.30,2.30,2.30,8.10,14.32,14.32,14.32,13.12,12.12,11.97,11.97,11.97,11.95,0.00,0.00
"Equatorial Guinea","RE share of electricity capacity (%)",15.64,15.64,15.64,15.64,15.64,15.64,15.64,9.36,9.36,9.36,7.02,7.02,36.11,36.11,36.11,36.11,33.81,31.79,31.76,31.75,31.75,31.73,31.70,31.70
"Eritrea","RE share of electricity generation (%)",0.00,0.00,0.00,0.00,0.00,0.00,0.00,0.07,0.70,0.68,0.65,0.60,0.57,0.57,4.23,4.05,4.39,5.24,5.34,5.34,5.34,5.01,0.00,0.00
"Eritrea","RE share of electricity capacity (%)",0.00,0.00,0.00,0.00,0.00,0.00,0.00,0.50,0.59,0.59,0.59,0.59,0.61,0.61,5.88,5.18,5.83,11.32,11.47,11.49,11.49,11.19,11.06,11.06
"Eswatini","RE share of electricity generation (%)",99.64,99.66,99.67,99.68,99.70,99.69,99.71,99.73,99.72,99.75,99.76,99.78,99.78,99.76,99.78,99.77,99.70,99.67,99.74,99.76,100.00,99.78,0.00,0.00
"Eswatini","RE share of electricity capacity (%)",91.30,91.30,91.30,91.30,91.30,91.31,91.31,91.32,92.60,92.61,92.62,94.94,94.95,94.95,94.47,94.47,94.47,94.47,94.47,94.47,94.47,94.76,94.76,94.76
"Ethiopia","RE share of electricity generation (%)",98.68,99.18,99.09,99.32,99.31,99.59,99.70,95.49,87.64,88.90,99.38,99.42,99.84,99.91,99.96,99.97,99.99,99.99,100.00,100.00,100.00,100.00,0.00,0.00
"Ethiopia","RE share of electricity capacity (%)",71.62,69.50,70.98,78.88,78.61,78.60,78.55,82.44,78.08,88.45,93.65,91.67,91.67,92.13,92.15,94.82,96.39,97.78,98.08,97.72,97.84,97.86,98.17,98.24
"Gabon","RE share of electricity generation (%)",58.91,58.91,58.91,58.91,58.92,58.92,58.92,58.91,58.92,57.17,51.80,45.73,46.24,49.44,44.79,48.20,41.57,48.93,53.94,53.94,53.95,53.95,0.00,0.00
"Gabon","RE share of electricity capacity (%)",49.62,49.62,49.85,49.22,49.22,49.50,49.22,44.82,45.54,45.66,43.01,42.69,37.86,54.77,55.23,55.18,52.88,53.45,54.29,54.29,54.29,54.32,54.32,54.32
"Gambia","RE share of electricity generation (%)",0.00,0.02,0.11,0.30,0.49,0.65,0.71,0.83,0.97,1.21,1.23,1.89,2.02,2.13,2.01,1.62,1.43,1.43,1.43,1.63,1.63,1.60,0.00,0.00
"Gambia","RE share of electricity capacity (%)",0.00,0.00,0.00,0.00,0.00,0.00,0.10,0.13,0.13,0.36,0.45,0.45,1.64,1.44,1.72,1.84,2.34,2.66,2.43,2.90,2.89,2.45,2.39,2.39
"Ghana","RE share of electricity generation (%)",91.52,84.12,69.30,66.14,87.47,82.96,66.69,53.47,74.47,76.81,68.86,67.55,67.16,64.04,64.80,51.02,43.07,40.27,37.39,40.30,36.58,34.80,0.00,0.00
"Ghana","RE share of electricity capacity (%)",65.01,65.01,65.01,65.01,68.31,68.31,68.28,61.06,59.70,60.04,53.43,54.53,51.91,56.35,56.44,50.28,42.67,35.33,34.84,32.54,31.85,31.36,31.04,31.04
"Guinea","RE share of electricity generation (%)",55.97,57.26,58.62,46.35,61.46,60.76,63.09,64.69,74.35,70.34,77.40,75.95,67.73,74.10,60.30,78.87,67.95,69.30,63.29,63.89,61.84,88.13,0.00,0.00
"Guinea","RE share of electricity capacity (%)",38.14,38.14,38.14,38.14,38.14,38.14,38.14,37.25,40.17,39.78,50.95,62.53,60.17,38.05,38.05,61.05,62.05,60.34,60.74,62.52,61.63,65.96,65.99,65.99
"Guinea-Bissau","RE share of electricity generation (%)",0.00,0.00,0.00,0.00,0.00,0.00,0.00,0.00,0.00,0.00,0.00,0.00,0.00,0.00,0.00,1.93,1.99,1.99,7.08,7.08,7.08,7.08,0.00,0.00
"Guinea-Bissau","RE share of electricity capacity (%)",0.00,0.00,0.00,0.00,0.00,0.00,0.00,0.00,0.00,0.00,0.00,0.00,0.00,0.00,0.00,1.10,1.10,1.10,4.01,4.01,4.01,4.01,4.01,4.01
"Kenya","RE share of electricity generation (%)",57.06,56.98,72.03,80.56,78.85,73.10,70.92,70.98,67.50,59.49,62.74,68.18,71.13,72.28,75.17,83.31,82.43,79.18,83.56,89.56,91.39,88.13,0.00,0.00
"Kenya","RE share of electricity capacity (%)",76.93,76.93,76.99,65.71,67.62,70.87,74.57,68.59,67.28,68.65,68.09,64.43,65.59,65.57,65.45,65.33,66.14,67.56,71.84,72.10,75.41,76.71,79.60,80.05
"Lesotho","RE share of electricity generation (%)",99.90,99.90,99.91,99.91,99.91,99.92,99.92,99.93,99.92,99.93,99.92,99.92,99.92,99.93,99.93,99.93,99.93,99.88,99.88,99.87,99.88,99.79,0.00,0.00
"Lesotho","RE share of electricity capacity (%)",98.92,98.92,98.92,99.84,99.84,99.84,99.84,99.84,99.84,99.84,99.84,99.84,99.84,99.84,99.84,99.84,99.84,99.84,99.84,99.84,99.84,99.81,99.81,99.86
"Liberia","RE share of electricity generation (%)",26.27,26.27,26.27,26.27,25.46,25.46,25.46,24.23,24.23,24.23,22.20,21.52,21.55,21.27,21.55,21.57,20.73,57.38,57.42,57.42,57.42,57.42,0.00,0.00
"Liberia","RE share of electricity capacity (%)",6.42,6.42,6.42,6.42,6.17,6.17,6.17,5.80,5.80,5.80,5.21,5.07,5.11,5.09,5.09,5.11,21.63,49.34,49.38,49.38,49.38,49.38,49.38,49.38
"Libya","RE share of electricity generation (%)",0.00,0.00,0.00,0.00,0.01,0.01,0.01,0.01,0.01,0.02,0.02,0.03,0.02,0.02,0.02,0.02,0.02,0.02,0.02,0.02,0.03,0.02,0.00,0.00
"Libya","RE share of electricity capacity (%)",0.00,0.00,0.00,0.00,0.02,0.02,0.03,0.04,0.05,0.06,0.04,0.05,0.06,0.05,0.05,0.05,0.05,0.05,0.05,0.05,0.05,0.06,0.06,0.07
"Madagascar","RE share of electricity generation (%)",69.29,67.71,68.73,68.18,64.85,65.63,63.66,68.46,63.51,67.30,60.52,55.33,56.76,55.22,58.36,61.79,55.07,47.75,56.06,50.08,47.11,42.83,0.00,0.00
"Madagascar","RE share of electricity capacity (%)",46.40,46.41,46.41,42.67,38.76,34.92,31.05,30.37,30.09,30.20,25.62,25.71,30.31,30.65,24.88,25.19,25.42,23.60,24.08,24.11,24.09,24.09,28.76,28.80
"Malawi","RE share of electricity generation (%)",93.20,93.22,93.28,97.59,94.50,94.54,94.56,94.57,99.10,98.91,98.94,98.71,98.71,98.81,98.85,99.10,96.82,84.49,80.15,79.25,79.28,80.06,0.00,0.00
"Malawi","RE share of electricity capacity (%)",89.54,89.54,89.54,93.38,90.61,90.61,90.61,90.61,94.55,92.37,92.38,92.19,92.21,93.45,93.49,93.77,91.83,81.32,77.62,78.13,78.13,80.66,81.75,81.75
"Mali","RE share of electricity generation (%)",27.16,35.89,53.71,60.94,59.27,58.79,56.83,55.71,55.13,67.08,63.62,62.83,68.00,74.04,69.37,65.93,64.49,61.26,61.25,61.27,62.29,62.29,0.00,0.00
"Mali","RE share of electricity capacity (%)",20.93,20.93,55.11,55.11,55.11,55.14,55.15,54.21,57.25,55.33,52.77,46.90,47.17,49.33,48.03,47.82,43.89,44.32,44.37,43.80,46.41,47.96,53.78,53.78
"Mauritania","RE share of electricity generation (%)",0.00,0.00,0.00,0.00,0.00,0.00,0.00,0.00,0.00,0.00,0.00,0.00,0.00,4.82,5.10,13.42,15.72,13.91,19.21,19.79,18.91,19.36,0.00,0.00
"Mauritania","RE share of electricity capacity (%)",0.00,0.00,0.00,0.00,0.00,0.00,0.00,0.00,0.00,0.00,0.00,0.00,2.03,9.05,8.80,11.27,14.32,14.32,21.23,20.78,20.78,19.46,19.65,33.98
"Mauritius","RE share of electricity generation (%)",29.58,28.70,27.60,27.23,27.35,25.01,22.24,22.40,23.26,23.63,21.49,20.07,20.29,20.63,20.34,22.76,21.88,20.15,20.88,21.89,24.08,21.63,0.00,0.00
"Mauritius","RE share of electricity capacity (%)",19.17,19.55,19.51,19.36,19.24,27.86,18.35,18.74,18.49,21.86,21.10,20.29,18.35,18.73,18.96,21.67,22.66,21.52,27.02,29.03,29.68,29.84,29.68,29.68
"Mayotte","RE share of electricity generation (%)",0.00,0.00,0.00,0.00,0.00,0.00,0.00,0.00,0.11,0.54,2.37,5.29,5.39,5.17,4.95,4.70,4.55,5.14,4.96,7.14,7.83,12.08,0.00,0.00
"Mayotte","RE share of electricity capacity (%)",0.00,0.00,0.00,0.00,0.00,0.00,0.00,0.00,0.65,2.27,9.66,13.76,14.35,14.40,14.51,14.28,11.86,13.27,13.71,14.52,15.79,23.28,23.28,23.98
"Morocco","RE share of electricity generation (%)",6.75,8.15,7.36,10.74,10.94,6.14,5.93,6.07,6.04,14.20,18.14,11.23,9.17,15.62,12.94,14.87,15.26,14.76,18.98,18.86,18.18,18.93,0.00,0.00
"Morocco","RE share of electricity capacity (%)",27.92,27.93,27.81,29.39,28.69,25.34,25.35,26.21,26.22,24.70,24.54,24.95,23.79,24.95,26.73,28.20,28.90,28.68,29.82,30.54,33.03,33.06,34.28,36.50
"Mozambique","RE share of electricity generation (%)",99.53,99.64,99.73,99.69,99.67,99.89,99.96,99.95,99.93,99.94,99.89,99.87,99.84,99.80,99.80,99.68,95.74,80.90,82.60,84.08,84.85,84.52,0.00,0.00
"Mozambique","RE share of electricity capacity (%)",98.90,98.91,98.84,98.78,98.78,98.78,98.78,98.23,98.08,98.08,98.08,98.14,93.76,89.08,87.50,81.08,81.66,81.67,78.67,78.35,78.37,78.37,78.64,78.64
"Namibia","RE share of electricity generation (%)",99.58,99.81,99.79,99.62,99.57,97.33,96.38,93.70,89.81,90.81,94.79,96.24,95.09,95.72,92.18,90.53,90.06,91.46,90.88,90.86,91.39,90.73,0.00,0.00
"Namibia","RE share of electricity capacity (%)",62.34,62.35,62.39,62.39,62.39,62.42,62.45,62.50,62.55,61.05,61.13,58.07,65.62,65.85,62.42,62.72,67.66,69.98,71.12,73.33,73.48,73.48,74.41,74.41
"Niger","RE share of electricity generation (%)",0.39,0.55,0.52,0.56,0.63,0.70,0.83,0.80,3.17,2.81,1.13,1.49,1.41,1.61,1.75,1.87,2.12,2.42,8.10,8.10,8.10,8.10,0.00,0.00
"Niger","RE share of electricity capacity (%)",0.27,0.33,0.33,0.38,0.44,0.54,0.60,0.60,0.65,0.65,1.14,1.31,1.53,1.91,2.28,2.66,3.02,2.62,7.44,7.12,7.12,7.12,12.15,17.02
"Nigeria","RE share of electricity generation (%)",41.50,39.38,32.48,37.88,33.38,45.34,38.63,31.74,32.64,32.83,26.74,19.87,18.77,20.69,19.77,20.08,28.54,24.58,22.96,25.34,22.57,25.34,0.00,0.00
"Nigeria","RE share of electricity capacity (%)",37.33,37.33,37.33,30.73,30.73,29.85,27.48,25.72,24.20,23.57,24.34,23.30,23.30,21.16,20.06,20.11,17.03,17.02,16.45,16.47,16.77,16.93,17.11,20.88
"Réunion","RE share of electricity generation (%)",46.70,40.60,43.00,41.48,39.65,33.98,36.14,36.99,36.12,32.52,33.76,30.25,34.62,37.77,32.96,36.10,34.12,32.39,36.45,31.25,24.64,28.20,0.00,0.00
"Réunion","RE share of electricity capacity (%)",34.52,34.52,30.95,30.95,31.00,31.54,31.14,31.63,32.36,34.15,39.68,43.03,42.60,40.17,43.92,45.31,45.45,45.55,48.23,48.72,49.20,50.19,50.83,51.08
"Rwanda","RE share of electricity generation (%)",100.00,100.00,100.00,100.00,100.00,43.58,71.93,50.38,56.52,52.33,53.51,53.65,56.53,48.48,53.39,60.65,48.90,47.89,48.22,52.02,60.60,58.25,0.00,0.00
"Rwanda","RE share of electricity capacity (%)",93.97,93.97,93.97,93.97,93.97,73.11,57.57,57.78,57.78,43.42,48.56,51.21,51.68,53.45,58.96,51.64,49.32,50.36,51.42,54.22,55.95,55.95,50.20,50.20
"Sao Tome and Principe","RE share of electricity generation (%)",20.62,15.85,16.47,77.32,83.44,89.75,91.20,84.44,84.88,85.16,91.63,91.07,91.69,91.68,9.41,6.53,5.61,4.93,5.56,5.71,5.84,6.06,0.00,0.00
"Sao Tome and Principe","RE share of electricity capacity (%)",60.00,31.48,31.48,31.48,31.48,31.48,31.48,31.48,31.48,25.95,13.52,11.56,11.56,11.56,10.27,8.16,6.99,7.59,7.59,7.42,7.39,6.98,6.39,6.39
"Senegal","RE share of electricity generation (%)",1.19,1.15,1.32,1.40,1.23,1.02,0.95,0.90,0.80,0.80,1.87,2.09,1.94,1.92,2.02,2.33,2.33,4.71,8.50,9.04,8.73,12.54,0.00,0.00
"Senegal","RE share of electricity capacity (%)",2.48,2.50,2.53,2.54,2.58,2.60,2.38,2.41,2.09,2.17,5.05,5.29,5.42,5.39,5.56,5.55,8.22,16.00,15.17,20.72,26.91,30.40,29.07,29.02
"Seychelles","RE share of electricity generation (%)",0.00,0.00,0.00,0.00,0.00,0.00,0.00,0.00,0.00,0.00,0.00,0.00,0.00,2.02,2.25,2.23,2.26,2.29,2.74,2.30,2.96,4.51,0.00,0.00
"Seychelles","RE share of electricity capacity (%)",0.00,0.00,0.00,0.00,0.00,0.00,0.00,0.00,0.00,0.00,0.00,0.00,0.00,6.93,7.62,7.84,7.11,7.64,8.98,8.50,10.84,15.43,16.01,16.01
"Sierra Leone","RE share of electricity generation (%)",34.78,33.33,16.67,16.67,17.53,24.06,20.27,18.86,6.09,35.06,87.40,87.10,73.88,61.99,82.55,74.73,74.25,75.24,75.28,75.28,75.28,75.28,0.00,0.00
"Sierra Leone","RE share of electricity capacity (%)",20.00,20.00,20.00,20.00,20.01,20.02,20.02,20.13,64.48,64.50,71.77,59.71,59.86,59.92,66.68,55.45,55.46,57.54,49.10,41.66,41.66,41.67,42.88,42.88
"Somalia","RE share of electricity generation (%)",0.00,0.00,0.00,0.00,0.00,0.00,0.00,0.00,0.00,0.00,0.00,0.00,1.12,1.09,1.13,1.46,3.37,4.63,4.70,4.70,8.22,11.21,0.00,0.00
"Somalia","RE share of electricity capacity (%)",0.00,0.00,0.00,0.00,0.00,0.00,0.00,0.00,0.00,0.00,0.00,0.00,2.68,2.68,2.79,3.58,8.54,11.55,9.60,9.60,16.03,20.35,32.31,33.79
"South Africa","RE share of electricity generation (%)",1.25,1.39,0.80,0.53,0.48,0.65,1.10,0.67,0.61,0.70,0.90,0.96,0.71,0.66,1.03,1.65,2.07,2.86,3.51,3.72,4.48,5.16,0.00,0.00
"South Africa","RE share of electricity capacity (%)",3.47,3.37,3.37,4.13,2.51,2.47,2.46,2.31,2.26,2.30,2.33,2.31,2.31,3.41,5.77,7.18,9.20,12.26,14.08,14.24,15.85,15.86,16.77,17.04
"South Sudan","RE share of electricity generation (%)",0.00,0.00,0.00,0.00,0.00,0.00,0.00,0.00,0.00,0.00,0.00,0.00,0.05,0.05,0.05,0.04,0.14,0.12,0.19,0.23,0.23,0.35,0.00,0.00
"South Sudan","RE share of electricity capacity (%)",0.00,0.00,0.00,0.00,0.00,0.00,0.00,0.00,0.00,0.00,0.00,0.00,0.20,0.20,0.20,0.20,0.53,0.34,0.56,0.51,0.51,0.77,8.51,12.66
"Sudan","RE share of electricity generation (%)",50.31,50.41,46.64,37.11,34.57,35.39,32.40,30.96,28.52,50.88,83.01,76.83,70.01,78.71,78.59,64.89,56.22,61.68,60.86,61.38,67.31,60.79,0.00,0.00
"Sudan","RE share of electricity capacity (%)",58.76,58.76,56.71,36.46,28.59,30.03,29.05,28.66,21.58,48.31,44.47,44.50,46.32,46.43,46.46,46.48,46.09,46.24,47.39,47.65,48.17,48.43,49.16,49.16
"United Republic of Tanzania","RE share of electricity generation (%)",98.89,98.93,98.91,98.85,97.04,56.40,51.25,64.74,61.95,56.97,54.52,46.50,43.62,39.37,49.51,35.44,36.26,36.10,33.43,34.68,42.76,42.78,0.00,0.00
"United Republic of Tanzania","RE share of electricity capacity (%)",80.08,80.08,70.83,71.15,71.15,64.64,64.67,58.33,56.96,54.68,54.41,44.09,39.91,38.48,40.09,41.58,38.27,38.45,33.91,34.10,34.23,34.25,34.26,34.26
"Togo","RE share of electricity generation (%)",63.98,72.97,76.71,83.70,71.29,69.82,53.42,52.82,62.63,65.22,49.15,62.96,45.07,23.79,62.11,14.76,23.61,32.24,22.60,23.68,14.91,20.66,0.00,0.00
"Togo","RE share of electricity capacity (%)",77.12,77.12,77.12,76.91,61.75,61.14,61.14,61.14,61.14,61.14,27.87,27.87,27.88,27.88,27.88,27.90,27.90,28.17,28.92,29.49,29.98,36.09,36.09,36.09
"Tunisia","RE share of electricity generation (%)",0.88,0.73,0.85,1.70,1.60,0.46,0.93,0.65,0.53,1.16,1.17,1.02,1.75,2.37,3.09,2.88,2.97,2.67,2.79,3.23,3.16,2.90,0.00,0.00
"Tunisia","RE share of electricity capacity (%)",2.57,2.58,2.58,2.80,2.70,2.50,2.48,2.49,2.26,3.08,3.08,2.81,5.62,5.98,6.23,6.62,6.49,6.52,7.28,7.16,6.73,6.73,7.72,11.86
"Uganda","RE share of electricity generation (%)",99.93,99.93,99.93,99.93,99.94,89.71,76.74,71.04,70.38,59.71,58.41,63.49,90.62,99.95,97.41,97.47,98.17,93.87,94.42,97.66,98.71,97.84,0.00,0.00
"Uganda","RE share of electricity capacity (%)",98.86,98.86,99.01,99.02,99.02,86.41,76.21,76.34,67.90,74.51,73.17,73.23,83.78,88.23,84.98,85.18,85.22,85.79,89.84,91.98,92.20,92.22,92.37,92.37
"Zambia","RE share of electricity generation (%)",99.73,99.77,99.83,99.83,99.83,99.84,99.85,99.87,99.87,99.87,99.87,99.82,99.85,99.85,97.17,97.01,94.30,86.33,84.64,82.81,85.47,92.02,0.00,0.00
"Zambia","RE share of electricity capacity (%)",95.43,95.43,95.43,95.28,95.28,95.28,95.28,95.09,95.19,95.21,95.72,95.72,95.73,97.03,94.23,93.07,83.84,82.20,82.35,82.86,82.86,84.39,86.27,86.39
"Zimbabwe","RE share of electricity generation (%)",46.45,38.62,44.78,60.68,57.00,52.58,68.58,72.32,76.57,76.34,68.36,58.04,61.21,56.61,56.51,55.09,42.48,53.06,61.73,61.19,62.08,71.26,0.00,0.00
"Zimbabwe","RE share of electricity capacity (%)",37.98,37.98,38.62,38.62,38.62,38.62,38.62,38.62,41.17,41.18,41.21,41.53,41.56,41.73,41.75,42.17,42.28,42.43,49.75,49.81,49.86,50.15,49.40,39.75
"Asia","RE share of electricity generation (%)",13.57,14.31,13.66,13.12,13.67,13.59,13.89,13.58,14.96,15.00,15.58,15.08,17.03,17.30,19.00,19.72,20.55,21.19,21.69,22.70,23.94,24.68,0.00,0.00
"Asia","RE share of electricity capacity (%)",17.53,18.20,18.06,18.46,18.64,18.61,18.36,18.47,19.44,20.33,20.96,21.71,22.51,24.22,25.77,27.19,28.63,30.37,31.68,33.08,35.70,37.66,39.72,43.48
"Afghanistan","RE share of electricity generation (%)",93.54,93.54,93.54,80.63,62.86,63.01,70.90,69.03,66.73,79.65,81.75,74.40,79.80,81.01,85.46,87.58,87.73,86.86,82.82,87.97,87.12,79.48,0.00,0.00
"Afghanistan","RE share of electricity capacity (%)",86.56,86.56,86.56,83.80,78.66,78.74,79.00,79.07,78.14,62.07,58.78,51.47,55.10,55.37,55.79,56.12,59.61,61.10,61.09,57.93,57.90,58.39,64.04,64.04
"Bangladesh","RE share of electricity generation (%)",7.60,6.44,5.61,4.72,4.07,3.41,3.07,2.29,2.02,1.59,2.14,2.23,2.14,1.94,1.66,1.96,2.00,1.96,1.65,1.49,1.47,1.81,0.00,0.00
"Bangladesh","RE share of electricity capacity (%)",5.23,4.82,4.31,4.21,3.89,3.65,3.61,3.54,3.34,3.24,3.10,3.11,3.20,3.30,3.22,3.10,2.65,2.91,2.45,2.40,2.46,3.10,3.00,3.53
"Bhutan","RE share of electricity generation (%)",99.99,99.98,99.98,99.95,99.93,99.93,99.95,99.97,99.99,100.00,100.00,100.00,100.00,99.99,100.00,100.00,100.00,100.00,100.00,100.00,100.00,100.00,0.00,0.00
"Bhutan","RE share of electricity capacity (%)",97.41,97.52,97.84,97.91,97.90,98.08,97.87,99.31,99.29,99.39,99.39,99.39,99.39,99.28,99.28,99.34,99.50,99.45,99.45,99.71,99.64,99.65,99.65,99.65
"Brunei Darussalam","RE share of electricity generation (%)",0.00,0.00,0.00,0.00,0.00,0.00,0.00,0.00,0.00,0.00,0.02,0.04,0.04,0.04,0.04,0.03,0.03,0.04,0.04,0.02,0.02,0.03,0.00,0.00
"Brunei Darussalam","RE share of electricity capacity (%)",0.00,0.00,0.00,0.00,0.00,0.00,0.00,0.00,0.00,0.00,0.13,0.13,0.13,0.13,0.13,0.13,0.13,0.12,0.12,0.12,0.12,0.40,0.40,0.41
"Cambodia","RE share of electricity generation (%)",7.10,5.45,5.35,6.43,3.89,5.05,4.90,4.23,3.60,4.63,4.22,6.77,37.56,58.14,61.54,49.53,48.21,42.40,59.25,48.86,49.43,58.95,0.00,0.00
"Cambodia","RE share of electricity capacity (%)",5.59,5.63,6.72,6.58,7.02,5.87,6.04,6.05,5.27,5.74,5.94,38.20,44.32,61.08,63.54,57.98,57.21,55.32,63.53,60.84,56.10,57.69,56.64,57.77
"China","RE share of electricity generation (%)",16.45,18.78,17.46,14.90,16.10,16.04,15.44,15.12,17.49,17.62,18.54,16.61,19.94,19.99,22.47,23.75,24.78,24.96,25.27,26.46,27.63,28.18,0.00,0.00
"China","RE share of electricity capacity (%)",23.70,23.42,23.29,23.62,23.34,22.27,20.66,20.47,22.03,23.44,24.18,25.19,26.27,28.54,30.30,31.70,33.11,35.23,36.58,37.74,40.72,42.81,45.07,49.77
"China, Hong Kong SAR","RE share of electricity generation (%)",0.00,0.00,0.00,0.00,0.20,0.19,0.18,0.24,0.15,0.19,0.21,0.23,0.22,0.20,0.23,0.21,0.38,0.39,0.40,0.43,0.55,0.84,0.00,0.00
"China, Hong Kong SAR","RE share of electricity capacity (%)",0.00,0.00,0.00,0.00,0.00,0.00,0.00,0.00,0.00,0.00,0.00,0.00,0.00,0.00,0.00,0.00,0.16,0.44,0.45,1.37,1.36,1.37,2.26,2.32
"Chinese Taipei","RE share of electricity generation (%)",3.03,3.41,2.21,2.31,2.33,2.64,2.64,2.77,2.82,2.73,2.86,2.93,3.62,3.66,3.18,3.40,4.18,3.96,3.94,4.90,4.78,5.37,0.00,0.00
"Chinese Taipei","RE share of electricity capacity (%)",6.00,6.14,6.02,5.67,5.45,5.37,5.34,5.47,5.60,5.67,5.91,6.33,6.78,7.18,7.75,8.25,8.90,10.03,11.28,13.33,15.99,18.63,22.30,27.50
"India","RE share of electricity generation (%)",13.77,13.68,12.93,11.89,13.17,14.52,16.53,17.20,17.02,15.71,15.23,15.89,16.45,15.63,16.58,15.24,14.01,14.63,15.65,17.03,18.44,18.89,0.00,0.00
"India","RE share of electricity capacity (%)",21.18,21.80,21.24,22.88,23.84,24.84,26.02,25.91,26.86,25.41,25.17,24.54,23.28,22.54,22.88,22.72,24.77,27.11,28.13,29.02,29.91,31.38,33.52,34.86
"Indonesia","RE share of electricity generation (%)",19.99,20.92,18.59,16.89,16.82,17.07,15.36,16.39,16.92,16.48,19.54,15.90,14.92,15.80,14.52,13.84,15.41,16.27,16.98,16.14,18.03,18.10,0.00,0.00
"Indonesia","RE share of electricity capacity (%)",14.39,19.05,21.09,18.27,17.58,18.86,18.45,18.12,18.02,19.85,19.09,17.07,15.86,15.67,15.35,15.66,15.50,15.19,15.09,14.78,14.43,15.47,15.03,14.90
"Japan","RE share of electricity generation (%)",9.08,8.96,8.83,10.33,10.03,8.73,9.80,8.36,8.89,9.18,9.09,9.89,9.43,10.36,12.04,13.79,14.12,15.52,16.36,17.83,19.42,20.14,0.00,0.00
"Japan","RE share of electricity capacity (%)",9.18,11.18,11.15,11.22,11.28,11.53,11.88,11.75,11.87,11.95,12.50,12.75,13.14,15.14,17.69,20.83,22.49,24.51,26.15,28.64,30.33,32.02,33.74,35.30
"Kazakhstan","RE share of electricity generation (%)",14.67,14.21,15.24,13.47,11.96,11.64,10.76,10.70,9.22,8.65,9.71,9.12,8.19,7.50,8.74,10.35,12.70,11.33,10.27,10.62,12.54,11.00,0.00,0.00
"Kazakhstan","RE share of electricity capacity (%)",12.33,12.25,12.18,12.09,12.06,11.99,11.94,11.89,11.79,11.75,11.65,11.43,12.60,12.66,13.11,13.17,12.93,13.11,13.69,15.63,17.72,18.90,20.66,21.88
"Democratic People's Republic of Korea","RE share of electricity generation (%)",52.58,52.48,55.84,59.74,60.68,60.99,56.04,56.32,55.24,53.19,56.54,62.56,62.80,62.57,61.37,52.71,53.64,50.73,51.50,46.34,53.44,63.24,0.00,0.00
"Democratic People's Republic of Korea","RE share of electricity capacity (%)",60.81,61.82,61.92,61.92,61.92,61.52,61.52,62.15,59.86,56.56,56.81,57.24,59.02,59.17,59.26,60.27,61.53,61.85,59.03,59.11,59.55,59.66,59.70,59.63
"Republic of Korea","RE share of electricity generation (%)",1.42,1.37,1.03,1.48,1.26,1.04,0.99,1.07,0.98,1.03,1.24,1.44,1.41,1.62,1.55,1.93,2.84,3.29,3.90,4.71,5.83,6.14,0.00,0.00
"Republic of Korea","RE share of electricity capacity (%)",3.01,2.98,2.82,2.74,2.60,2.65,2.73,2.70,2.98,3.23,3.33,3.90,4.18,4.73,5.85,7.18,8.63,9.60,11.35,14.38,17.34,19.05,20.83,22.07
"Kyrgyzstan","RE share of electricity generation (%)",86.79,86.58,86.52,86.81,86.83,86.92,86.94,86.99,86.60,92.10,91.90,93.35,93.48,93.52,91.38,85.22,87.65,91.91,91.04,91.69,90.75,85.59,0.00,0.00
"Kyrgyzstan","RE share of electricity capacity (%)",75.89,75.89,75.89,77.08,77.08,77.08,78.73,78.73,78.73,78.73,79.40,79.43,79.40,81.76,82.31,85.32,85.32,85.36,85.31,85.31,85.32,75.05,75.05,77.65
"Lao People's Democratic Republic","RE share of electricity generation (%)",100.00,100.00,100.00,100.00,100.00,100.00,100.00,100.00,100.00,100.00,100.00,100.00,100.00,100.00,100.00,100.00,98.85,97.66,97.16,68.21,67.74,69.32,0.00,0.00
"Lao People's Democratic Republic","RE share of electricity capacity (%)",100.00,100.00,100.00,100.00,100.00,100.00,100.00,100.00,100.00,100.00,100.00,100.00,100.00,100.00,100.00,77.98,74.82,75.70,76.96,79.39,83.16,84.66,85.58,85.72
"Malaysia","RE share of electricity generation (%)",11.66,9.44,8.01,7.28,6.69,6.98,7.01,6.51,7.99,7.19,6.42,6.89,8.09,9.29,10.11,11.44,13.50,17.44,16.87,16.47,17.84,17.84,0.00,0.00
"Malaysia","RE share of electricity capacity (%)",15.36,13.02,13.31,12.10,11.38,11.15,11.09,11.14,11.16,10.78,10.40,13.66,14.65,18.75,21.64,24.19,25.71,22.19,22.62,21.92,23.21,23.01,22.81,22.81
"Maldives","RE share of electricity generation (%)",0.00,0.00,0.00,0.00,0.00,0.00,0.02,0.02,0.43,0.44,0.47,0.46,0.70,0.83,1.36,1.51,2.18,2.83,3.87,4.42,5.58,5.82,0.00,0.00
"Maldives","RE share of electricity capacity (%)",0.00,0.00,0.00,0.00,0.00,0.01,0.04,0.05,1.04,1.09,1.10,1.12,1.90,2.19,3.62,4.22,3.99,5.39,3.27,4.04,5.09,5.78,6.61,6.82
"Mongolia","RE share of electricity generation (%)",0.13,0.18,0.17,0.18,0.17,0.17,0.16,0.17,0.33,0.70,1.04,1.43,1.34,2.39,3.75,3.95,4.36,4.42,7.23,9.47,9.23,10.27,0.00,0.00
"Mongolia","RE share of electricity capacity (%)",1.62,1.75,1.76,1.81,1.82,1.89,2.01,2.06,2.38,2.41,3.54,3.54,3.69,7.37,7.37,7.36,8.32,13.92,18.43,19.40,18.44,17.96,17.96,17.96
"Myanmar","RE share of electricity generation (%)",38.42,44.54,43.13,39.80,44.41,50.69,55.15,57.88,62.62,76.16,72.37,72.72,71.35,77.10,66.41,62.08,60.39,60.88,61.21,51.55,43.49,46.40,0.00,0.00
"Myanmar","RE share of electricity capacity (%)",36.35,35.60,37.18,31.92,49.19,47.43,48.35,49.54,53.45,66.25,74.76,75.98,76.39,73.85,69.41,64.84,64.85,58.15,53.83,52.60,44.49,49.50,49.06,49.06
"Nepal","RE share of electricity generation (%)",97.23,98.81,99.49,99.68,99.51,99.42,99.47,99.61,99.69,99.62,99.74,99.93,99.72,99.61,99.85,99.98,100.00,100.00,100.00,100.00,100.00,100.00,0.00,0.00
"Nepal","RE share of electricity capacity (%)",83.26,87.86,88.03,91.08,91.23,91.29,91.34,91.42,91.55,92.67,92.77,92.88,92.93,93.26,93.39,93.82,93.97,94.82,95.37,95.81,96.20,97.48,97.75,98.13
"Pakistan","RE share of electricity generation (%)",28.42,27.06,29.40,33.11,33.27,32.78,33.76,32.06,30.82,30.12,31.12,31.36,31.02,32.33,32.19,32.48,31.66,28.01,27.04,30.83,32.11,29.80,0.00,0.00
"Pakistan","RE share of electricity capacity (%)",28.63,29.60,29.45,31.62,33.95,33.89,34.10,33.96,33.61,33.12,31.77,29.63,29.76,31.01,31.57,31.59,33.54,29.13,32.77,31.37,31.74,31.36,31.03,30.59
"Philippines","RE share of electricity generation (%)",41.88,36.31,34.67,32.51,32.10,30.95,34.56,30.37,33.63,31.79,25.65,28.40,28.02,25.87,24.84,24.63,23.50,23.89,22.74,20.23,20.65,21.91,0.00,0.00
"Philippines","RE share of electricity capacity (%)",34.27,31.64,28.57,30.67,29.85,29.73,29.14,29.14,29.07,29.15,29.37,28.91,28.97,27.16,28.51,29.09,28.22,28.04,27.59,26.37,26.51,26.51,26.36,26.64
"Singapore","RE share of electricity generation (%)",4.01,3.85,3.68,3.62,3.48,3.37,3.26,3.14,3.10,2.77,3.35,3.37,3.37,3.85,4.04,4.19,4.60,4.29,4.14,4.20,4.11,4.06,0.00,0.00
"Singapore","RE share of electricity capacity (%)",2.28,1.90,1.64,1.64,1.57,1.57,1.60,1.52,1.52,1.30,1.32,1.34,1.26,1.13,1.39,1.60,1.98,2.10,2.42,3.48,4.12,5.44,6.79,7.91
"Sri Lanka","RE share of electricity generation (%)",47.35,46.76,38.98,43.52,36.76,39.33,49.28,40.18,41.93,39.64,53.43,41.20,29.47,60.32,53.14,48.75,32.89,30.84,45.37,34.82,36.75,51.29,0.00,0.00
"Sri Lanka","RE share of electricity capacity (%)",62.29,57.88,51.16,49.08,48.19,53.68,54.13,54.28,51.55,51.83,50.90,46.52,49.87,52.32,45.30,47.33,48.50,49.79,51.58,51.54,52.95,57.63,61.43,62.93
"Tajikistan","RE share of electricity generation (%)",98.45,98.78,99.10,98.96,99.08,99.28,98.62,95.64,96.07,97.62,99.59,99.51,99.27,99.49,98.08,97.97,96.33,94.43,93.23,92.77,92.77,92.77,0.00,0.00
"Tajikistan","RE share of electricity capacity (%)",92.74,92.74,92.74,92.74,92.74,92.83,92.83,92.83,92.83,93.79,93.79,93.80,93.87,93.87,92.26,92.26,87.40,87.40,87.41,88.89,88.89,88.89,88.92,88.92
"Thailand","RE share of electricity generation (%)",6.79,6.62,7.46,7.20,5.79,5.51,6.89,6.89,6.66,6.90,5.63,11.99,11.60,11.32,11.95,12.19,20.45,19.36,22.71,23.89,17.69,18.75,0.00,0.00
"Thailand","RE share of electricity capacity (%)",16.49,15.59,14.50,14.17,14.31,13.88,14.77,15.48,15.16,15.40,15.22,15.86,17.08,19.79,20.64,21.18,21.76,20.66,21.82,22.29,22.12,22.10,21.41,21.37
"Timor-Leste","RE share of electricity generation (%)",0.00,0.00,0.00,0.00,0.01,0.01,0.02,0.02,1.02,0.89,0.90,1.15,1.55,0.84,0.70,0.62,0.53,0.41,0.39,0.34,0.37,0.41,0.00,0.00
"Timor-Leste","RE share of electricity capacity (%)",0.00,0.00,0.00,0.00,0.01,0.02,0.03,0.03,0.82,0.91,0.99,0.47,0.56,0.39,0.46,0.51,0.49,0.40,0.33,0.27,0.20,0.20,0.21,0.22
"Turkmenistan","RE share of electricity generation (%)",0.03,0.03,0.03,0.03,0.03,0.02,0.02,0.02,0.02,0.02,0.02,0.02,0.02,0.02,0.01,0.01,0.01,0.01,0.01,0.01,0.01,0.01,0.00,0.00
"Turkmenistan","RE share of electricity capacity (%)",0.05,0.05,0.05,0.05,0.04,0.04,0.04,0.04,0.04,0.04,0.03,0.03,0.03,0.03,0.03,0.02,0.02,0.02,0.02,0.02,0.02,0.03,0.03,0.03
"Uzbekistan","RE share of electricity generation (%)",12.54,12.55,12.55,15.43,18.02,17.54,17.99,13.07,23.00,18.68,16.54,16.10,16.40,15.97,15.97,15.97,13.90,13.49,10.05,11.24,9.48,7.74,0.00,0.00
"Uzbekistan","RE share of electricity capacity (%)",13.09,13.09,13.09,12.95,14.01,13.72,13.73,13.72,13.95,13.94,14.28,14.25,14.48,13.91,14.36,14.24,13.35,12.95,13.52,11.99,12.16,12.99,13.99,14.91
"Viet Nam","RE share of electricity generation (%)",52.13,52.67,48.74,43.72,38.75,34.63,32.93,32.40,35.18,37.59,39.80,41.89,48.89,46.88,43.67,36.57,37.15,46.33,40.90,32.07,36.39,42.79,0.00,0.00
"Viet Nam","RE share of electricity capacity (%)",51.12,50.22,47.37,45.36,35.32,34.63,35.85,37.65,40.06,38.00,34.21,36.66,43.66,45.71,46.69,43.66,43.77,41.67,41.08,47.69,55.79,56.21,56.69,55.57
"Central America and the Caribbean","RE share of electricity generation (%)",22.38,20.10,20.41,20.56,23.00,23.17,22.59,22.09,23.69,23.05,25.04,24.53,26.41,26.79,26.63,27.86,29.17,33.61,34.40,31.30,35.87,38.03,0.00,0.00
"Central America and the Caribbean","RE share of electricity capacity (%)",21.86,20.89,21.99,22.07,22.46,24.57,24.16,24.34,23.94,23.69,24.07,25.34,26.97,26.85,28.01,30.90,33.08,34.53,35.28,36.41,36.58,37.99,38.36,39.36
"Anguilla","RE share of electricity generation (%)",0.00,0.00,0.00,0.00,0.00,0.00,0.00,0.00,0.00,0.00,0.00,0.00,0.09,0.12,1.00,1.60,2.37,2.31,1.99,2.47,2.47,2.47,0.00,0.00
"Anguilla","RE share of electricity capacity (%)",0.00,0.00,0.00,0.00,0.00,0.00,0.00,0.00,0.00,0.00,0.00,0.00,0.23,0.23,4.14,4.14,7.73,7.73,4.69,6.08,6.08,6.08,6.08,6.08
"Antigua and Barbuda","RE share of electricity generation (%)",0.00,0.00,0.00,0.00,0.00,0.00,0.00,0.00,0.00,0.05,0.05,0.14,0.14,0.19,0.19,1.55,1.56,1.85,2.83,3.69,4.95,5.66,0.00,0.00
"Antigua and Barbuda","RE share of electricity capacity (%)",0.00,0.00,0.00,0.00,0.00,0.00,0.00,0.00,0.00,0.18,0.18,0.35,0.35,0.34,0.34,2.78,4.15,5.06,10.70,9.80,14.64,19.20,19.20,13.10
"Aruba","RE share of electricity generation (%)",0.00,0.00,0.00,0.00,0.00,0.00,0.00,0.00,0.00,1.80,11.30,12.10,14.80,16.30,17.60,18.90,15.73,14.70,14.65,15.02,14.80,14.80,0.00,0.00
"Aruba","RE share of electricity capacity (%)",0.00,0.00,0.00,0.00,0.00,0.00,0.00,0.00,0.00,12.71,12.75,12.82,10.99,11.17,12.81,13.17,13.51,13.53,15.83,15.36,15.36,15.36,17.81,17.81
"Bahamas","RE share of electricity generation (%)",0.00,0.00,0.00,0.00,0.00,0.00,0.00,0.01,0.01,0.01,0.02,0.07,0.09,0.11,0.18,0.19,0.21,0.22,0.22,0.26,0.31,0.48,0.00,0.00
"Bahamas","RE share of electricity capacity (%)",0.00,0.00,0.23,0.20,0.20,0.19,0.19,0.17,0.17,0.19,0.21,0.26,0.27,0.33,0.42,0.47,0.47,0.47,0.47,0.56,0.59,1.13,1.21,1.21
"Barbados","RE share of electricity generation (%)",0.00,0.02,0.02,0.02,0.02,0.03,0.03,0.09,0.09,0.12,0.15,0.25,0.30,0.43,0.98,1.34,1.33,2.31,2.30,3.41,5.44,7.33,0.00,0.00
"Barbados","RE share of electricity capacity (%)",0.02,0.08,0.07,0.07,0.07,0.12,0.12,0.31,0.31,0.41,0.51,0.63,0.75,0.23,0.65,1.17,5.36,5.86,6.14,11.17,15.69,19.48,19.16,19.16
"Belize","RE share of electricity generation (%)",45.46,56.65,55.33,34.16,38.74,43.18,77.59,75.80,85.59,68.37,89.73,90.92,87.25,90.40,90.08,87.09,86.45,86.69,79.67,60.18,94.29,92.86,0.00,0.00
"Belize","RE share of electricity capacity (%)",48.03,48.03,48.03,29.82,29.82,35.02,28.25,30.25,30.25,41.48,41.48,41.48,41.66,41.66,41.67,41.67,41.67,44.47,49.24,51.74,51.74,51.74,51.74,51.74
"Bonaire, Sint Eustatius and Saba","RE share of electricity generation (%)",0.00,0.00,0.00,0.00,0.00,0.00,0.00,0.75,1.54,1.58,4.72,24.69,28.58,31.56,34.33,31.62,31.15,25.90,33.04,28.43,22.74,24.14,0.00,0.00
"Bonaire, Sint Eustatius and Saba","RE share of electricity capacity (%)",0.00,0.00,0.00,0.00,0.00,0.00,0.00,6.43,5.02,56.53,28.46,28.46,28.46,29.16,29.16,29.71,32.45,35.96,37.60,38.97,32.55,32.55,32.55,33.91
"British Virgin Islands","RE share of electricity generation (%)",0.00,0.00,0.00,0.00,0.00,0.00,0.00,0.00,0.00,0.00,0.65,0.67,0.65,0.65,0.64,0.89,1.19,1.57,1.71,1.93,2.26,2.26,0.00,0.00
"British Virgin Islands","RE share of electricity capacity (%)",0.00,0.00,0.00,0.00,0.00,0.00,0.00,0.00,0.00,0.00,1.00,1.06,1.06,1.08,1.18,2.66,2.98,2.21,2.22,2.75,3.12,3.13,3.14,4.62
"Cayman Islands","RE share of electricity generation (%)",0.00,0.00,0.00,0.00,0.00,0.00,0.00,0.00,0.00,0.00,0.00,0.00,0.00,0.00,0.00,0.00,0.31,1.29,2.14,2.28,2.69,2.94,0.00,0.00
"Cayman Islands","RE share of electricity capacity (%)",0.00,0.00,0.00,0.00,0.00,0.00,0.00,0.00,0.00,0.00,0.00,0.00,0.00,0.00,0.00,0.00,1.55,4.78,5.78,6.43,7.24,7.72,7.53,7.48
"Costa Rica","RE share of electricity generation (%)",99.09,98.58,98.39,97.95,99.19,96.72,93.84,92.01,92.85,95.15,93.26,91.16,91.77,88.21,89.71,98.99,98.22,99.67,98.61,99.16,99.80,99.98,0.00,0.00
"Costa Rica","RE share of electricity capacity (%)",83.86,84.05,82.98,79.60,79.80,79.83,79.86,80.65,73.81,73.61,72.26,76.90,77.53,78.24,79.42,80.69,83.62,83.91,84.35,86.90,86.82,88.20,89.18,89.35
"Cuba","RE share of electricity generation (%)",6.81,6.50,6.59,5.31,5.54,3.14,3.00,3.00,3.93,3.85,3.22,3.22,3.71,4.43,4.02,3.95,3.96,3.83,3.63,4.25,4.83,5.12,0.00,0.00
"Cuba","RE share of electricity capacity (%)",1.73,1.73,1.73,1.64,1.67,17.24,11.42,11.95,11.43,10.84,11.01,10.98,10.56,9.92,10.00,10.90,10.63,11.48,11.69,16.17,18.69,18.67,18.34,19.26
"Curacao","RE share of electricity generation (%)",0.99,8.80,8.65,8.52,8.55,8.38,8.52,8.42,7.54,7.21,7.26,7.00,9.11,17.36,20.48,16.25,14.32,19.94,28.32,27.11,24.55,19.47,0.00,0.00
"Curacao","RE share of electricity capacity (%)",8.60,8.60,8.60,8.60,8.60,8.60,8.60,8.60,8.60,7.36,7.36,7.36,16.60,17.95,19.95,17.67,18.03,25.88,26.15,22.25,22.63,22.63,22.63,22.67
"Dominica","RE share of electricity generation (%)",40.85,33.49,45.24,37.19,42.69,33.45,32.69,25.58,24.27,25.71,24.04,36.29,27.02,37.05,30.56,23.52,33.10,32.45,37.71,22.27,20.38,20.28,0.00,0.00
"Dominica","RE share of electricity capacity (%)",37.43,35.29,37.46,36.14,34.78,32.64,32.70,31.18,23.07,20.38,26.10,26.10,26.13,26.13,26.13,26.13,27.20,27.20,26.36,26.36,24.99,24.99,27.60,27.60
"Dominican Republic","RE share of electricity generation (%)",7.91,6.59,7.75,10.35,14.10,15.08,13.30,12.33,10.23,11.41,10.38,10.45,11.86,12.71,9.63,7.78,11.27,15.29,13.98,12.37,15.56,16.96,0.00,0.00
"Dominican Republic","RE share of electricity capacity (%)",15.43,14.64,16.24,14.49,14.88,13.40,13.52,13.77,14.39,15.69,15.69,16.24,18.18,17.14,17.51,18.04,20.86,22.50,23.11,25.75,26.43,28.24,31.15,33.93
"El Salvador","RE share of electricity generation (%)",57.89,55.67,52.74,58.56,55.91,59.44,58.71,56.97,63.09,57.07,65.65,63.53,60.62,60.79,60.17,58.39,58.06,74.79,77.91,71.51,84.78,86.01,0.00,0.00
"El Salvador","RE share of electricity capacity (%)",55.70,50.59,55.94,54.99,55.03,56.27,54.03,55.77,55.44,53.62,53.33,54.03,54.12,52.19,52.28,54.74,56.20,60.28,62.31,65.91,67.40,68.48,59.75,60.30
"Grenada","RE share of electricity generation (%)",0.00,0.00,0.00,0.00,0.00,0.00,0.00,0.00,0.17,0.20,0.25,0.33,0.37,0.54,0.58,0.75,1.16,1.47,1.54,1.63,1.97,1.97,0.00,0.00
"Grenada","RE share of electricity capacity (%)",0.00,0.00,0.00,0.00,0.00,0.00,0.00,0.00,0.28,0.37,0.49,0.66,0.74,1.12,1.47,2.07,4.15,4.32,4.80,5.82,6.57,6.25,6.25,6.45
"Guadeloupe","RE share of electricity generation (%)",9.48,7.94,9.95,9.81,11.90,14.10,13.52,14.62,13.65,11.72,8.65,12.06,15.59,17.45,18.45,17.84,17.59,20.53,21.39,22.16,23.45,33.84,0.00,0.00
"Guadeloupe","RE share of electricity capacity (%)",13.04,13.82,14.50,15.87,15.93,18.33,19.02,19.85,20.64,21.83,24.39,27.76,29.37,29.36,28.62,26.18,26.33,28.06,30.41,32.30,37.22,38.57,38.91,38.91
"Guatemala","RE share of electricity generation (%)",59.60,52.93,41.84,48.17,58.90,61.02,54.89,50.82,54.98,45.85,63.73,62.76,66.54,67.48,68.29,61.92,62.85,71.37,65.08,62.77,76.90,73.31,0.00,0.00
"Guatemala","RE share of electricity capacity (%)",44.15,44.89,47.84,45.28,45.83,48.98,54.05,53.47,53.19,51.39,53.45,53.13,55.22,55.52,57.70,58.40,61.76,65.91,69.53,69.75,69.69,70.65,70.69,70.73
"Haiti","RE share of electricity generation (%)",51.74,47.64,47.53,47.66,47.53,47.66,47.54,32.91,37.24,28.71,30.21,12.51,20.22,13.55,8.93,8.26,6.84,12.37,19.20,19.20,18.20,18.22,0.00,0.00
"Haiti","RE share of electricity capacity (%)",27.95,27.95,25.96,21.87,21.05,21.05,21.05,21.05,16.99,14.34,14.46,13.44,13.40,12.65,12.69,12.75,12.80,12.86,16.81,16.82,16.81,16.83,16.86,16.98
"Honduras","RE share of electricity generation (%)",60.35,48.06,38.78,42.12,30.85,32.78,36.53,37.34,38.28,44.97,47.88,44.44,44.96,41.88,39.02,43.92,48.04,54.87,63.21,54.88,56.55,62.69,0.00,0.00
"Honduras","RE share of electricity capacity (%)",47.53,47.40,46.10,52.53,44.35,37.25,36.26,37.82,37.31,37.71,38.28,42.01,43.51,44.29,48.21,59.50,59.92,61.31,61.88,62.83,64.54,64.73,63.73,63.55
"Jamaica","RE share of electricity generation (%)",3.32,2.85,3.79,4.56,5.17,5.74,6.16,5.87,5.69,5.26,5.45,6.57,6.93,6.56,7.09,6.94,8.34,11.67,12.36,12.08,13.13,12.76,0.00,0.00
"Jamaica","RE share of electricity capacity (%)",7.88,7.61,6.93,6.57,9.33,9.33,8.54,8.56,8.58,8.65,11.13,10.92,10.21,10.90,11.08,11.05,15.92,17.83,17.48,18.05,16.41,16.32,16.32,16.45
"Martinique","RE share of electricity generation (%)",0.00,0.00,1.07,1.03,1.10,1.10,2.29,2.40,2.44,2.82,2.70,3.42,6.26,5.80,6.87,6.97,7.03,5.78,11.60,24.65,23.31,25.96,0.00,0.00
"Martinique","RE share of electricity capacity (%)",0.00,0.00,0.59,0.59,0.88,0.88,1.52,1.80,2.62,4.34,7.13,11.20,13.84,11.88,13.38,14.03,14.29,14.60,21.36,24.39,24.65,25.24,26.08,26.91
"Montserrat","RE share of electricity generation (%)",0.00,0.00,0.00,0.00,0.00,0.00,0.00,0.00,0.00,0.00,0.00,0.00,0.00,0.00,0.00,0.00,0.00,0.00,0.00,0.00,3.20,10.29,0.00,0.00
"Montserrat","RE share of electricity capacity (%)",0.00,0.00,0.00,0.00,0.00,0.00,0.00,0.00,0.00,0.00,0.00,0.00,0.00,0.00,0.00,0.00,0.00,0.00,0.00,3.48,3.48,12.59,12.59,12.79
"Nicaragua","RE share of electricity generation (%)",18.33,18.23,24.61,27.07,27.73,34.61,30.02,28.99,35.54,30.91,36.98,33.99,42.86,52.41,54.29,50.06,52.41,55.98,58.89,56.90,69.89,69.30,0.00,0.00
"Nicaragua","RE share of electricity capacity (%)",31.64,31.73,33.36,35.78,40.22,40.74,41.14,37.83,35.31,36.11,35.20,34.06,42.74,43.03,44.84,45.57,47.42,45.52,45.52,45.21,45.21,45.40,45.85,45.93
"Panama","RE share of electricity generation (%)",71.22,50.74,65.35,52.29,66.82,65.13,61.09,58.87,63.18,57.74,58.19,53.83,63.75,59.10,56.90,66.15,67.37,73.00,78.88,53.75,76.36,81.72,0.00,0.00
"Panama","RE share of electricity capacity (%)",50.06,49.65,49.72,54.54,53.76,56.20,57.02,57.77,54.80,50.87,48.65,56.21,61.60,62.02,59.59,66.19,62.36,62.23,58.84,59.69,56.37,65.12,67.60,67.91
"Puerto Rico","RE share of electricity generation (%)",0.55,0.54,0.50,0.50,0.50,0.56,0.48,0.49,0.51,0.52,0.41,0.72,0.64,1.60,1.95,2.47,2.70,3.36,2.65,3.73,4.01,4.58,0.00,0.00
"Puerto Rico","RE share of electricity capacity (%)",2.24,2.03,2.03,2.03,2.02,2.02,2.02,2.02,2.02,1.89,1.91,2.16,4.36,4.89,4.98,7.16,7.76,8.71,8.75,9.03,9.73,11.28,13.31,17.13
"Saint Barthelemy","RE share of electricity generation (%)",0.00,0.00,0.00,0.00,0.00,0.00,0.00,0.00,0.00,0.00,0.00,0.00,0.00,0.00,0.00,0.00,0.03,0.04,0.04,0.04,0.05,0.05,0.00,0.00
"Saint Barthelemy","RE share of electricity capacity (%)",0.00,0.00,0.00,0.00,0.00,0.00,0.00,0.00,0.00,0.00,0.00,0.00,0.00,0.00,0.00,0.00,0.07,0.07,0.07,0.07,0.13,0.13,0.18,0.16
"Saint Kitts and Nevis","RE share of electricity generation (%)",0.00,0.00,0.00,0.00,0.00,0.00,0.00,0.00,0.00,0.00,2.58,2.49,3.61,3.91,4.70,4.51,4.65,3.67,3.63,3.50,4.41,4.52,0.00,0.00
"Saint Kitts and Nevis","RE share of electricity capacity (%)",0.00,0.00,0.00,0.00,0.00,0.00,0.00,0.00,0.00,0.00,3.70,3.45,3.45,5.17,5.17,5.17,5.84,5.54,5.58,5.64,6.89,6.89,6.56,6.56
"Saint Lucia","RE share of electricity generation (%)",0.00,0.00,0.00,0.00,0.00,0.00,0.00,0.00,0.00,0.00,0.01,0.01,0.02,0.02,0.04,0.31,0.99,0.97,2.19,2.57,2.75,2.54,0.00,0.00
"Saint Lucia","RE share of electricity capacity (%)",0.00,0.00,0.00,0.00,0.00,0.00,0.00,0.00,0.00,0.01,0.03,0.03,0.06,0.07,0.11,0.85,1.16,1.16,4.37,4.62,4.68,4.68,4.68,4.76
"Saint Martin","RE share of electricity generation (%)",0.00,0.00,0.00,0.00,0.00,0.00,0.00,0.00,0.00,0.00,0.00,0.00,0.00,1.15,1.33,2.11,1.41,0.09,0.01,0.27,0.68,0.81,0.00,0.00
"Saint Martin","RE share of electricity capacity (%)",0.00,0.00,0.00,0.00,0.00,0.00,0.00,0.00,0.00,0.00,0.00,0.00,0.00,4.39,4.98,7.85,3.08,0.18,0.18,0.88,1.74,1.74,3.25,3.58
"Saint Vincent and the Grenadines","RE share of electricity generation (%)",25.92,18.31,21.61,18.60,22.39,19.67,17.27,16.10,17.01,18.36,17.50,21.33,17.30,16.28,8.61,12.05,10.94,14.09,16.62,15.21,16.85,15.02,0.00,0.00
"Saint Vincent and the Grenadines","RE share of electricity capacity (%)",16.28,16.28,15.52,15.52,14.55,14.29,14.29,14.29,14.29,14.18,14.18,11.13,10.62,11.45,12.41,15.07,15.21,16.99,19.18,22.63,18.19,18.14,17.61,18.33
"Trinidad and Tobago","RE share of electricity generation (%)",0.38,0.53,0.45,0.22,0.38,0.35,0.40,0.29,0.05,0.05,0.05,0.05,0.07,0.07,0.06,0.06,0.06,0.06,0.07,0.07,0.07,0.07,0.00,0.00
"Trinidad and Tobago","RE share of electricity capacity (%)",0.38,0.40,0.41,0.44,0.47,0.48,0.49,0.43,0.14,0.15,0.17,0.13,0.18,0.17,0.18,0.18,0.20,0.20,0.19,0.20,0.17,0.20,0.20,0.20
"Turks and Caicos Islands","RE share of electricity generation (%)",0.00,0.00,0.00,0.00,0.00,0.00,0.00,0.00,0.00,0.00,0.00,0.00,0.00,0.00,0.00,0.02,0.02,0.10,0.27,0.56,0.57,1.48,0.00,0.00
"Turks and Caicos Islands","RE share of electricity capacity (%)",0.00,0.00,0.00,0.00,0.00,0.00,0.00,0.00,0.00,0.00,0.00,0.00,0.00,0.00,0.00,0.04,0.04,0.23,0.48,1.03,1.03,2.76,3.50,3.74
"United States Virgin Islands","RE share of electricity generation (%)",0.00,0.00,0.00,0.00,0.00,0.00,0.00,0.00,0.00,0.00,0.00,0.09,0.11,0.21,1.06,1.96,1.98,1.43,2.42,2.38,2.27,2.50,0.00,0.00
"United States Virgin Islands","RE share of electricity capacity (%)",0.00,0.00,0.00,0.00,0.00,0.00,0.00,0.00,0.00,0.00,0.00,0.15,0.18,0.30,1.57,2.85,2.86,2.06,2.97,2.97,2.97,2.97,2.97,2.97
"Eurasia","RE share of electricity generation (%)",18.92,18.96,18.86,17.96,20.21,18.81,18.26,17.57,16.03,17.81,17.95,17.42,17.37,18.91,16.86,18.42,19.64,19.08,20.86,23.34,24.77,25.15,0.00,0.00
"Eurasia","RE share of electricity capacity (%)",23.93,23.96,23.95,23.77,23.73,23.60,23.43,23.63,23.79,23.97,24.41,24.74,25.22,25.39,24.56,25.99,25.52,26.19,26.98,27.46,28.72,29.66,30.12,30.79
"Armenia","RE share of electricity generation (%)",21.16,16.84,30.03,36.03,33.39,28.07,30.72,31.46,29.42,35.68,39.48,33.56,28.81,28.24,25.76,28.33,32.17,29.26,30.03,31.37,23.67,30.54,0.00,0.00
"Armenia","RE share of electricity capacity (%)",31.70,31.45,34.56,34.90,31.93,32.05,32.66,33.63,33.92,34.33,32.52,33.25,30.91,31.56,31.74,36.45,36.92,37.21,37.78,37.91,38.53,37.10,38.46,44.10
"Azerbaijan","RE share of electricity generation (%)",8.20,6.86,10.80,11.60,12.67,13.16,10.26,10.82,10.31,12.25,18.42,13.19,7.92,6.96,5.98,7.41,8.78,8.12,8.13,7.33,5.47,5.80,0.00,0.00
"Azerbaijan","RE share of electricity capacity (%)",18.77,18.08,17.68,17.10,17.12,18.81,18.23,17.90,17.68,15.48,15.59,15.76,15.97,14.99,15.23,14.78,14.96,15.03,16.31,16.87,17.00,16.52,16.61,20.28
"Georgia","RE share of electricity generation (%)",79.26,80.16,92.89,91.09,87.33,85.40,70.87,81.85,84.84,88.22,93.21,78.11,74.46,82.23,80.37,78.04,80.69,80.64,82.59,76.05,74.74,81.22,0.00,0.00
"Georgia","RE share of electricity capacity (%)",82.06,82.06,82.06,82.06,82.06,82.06,82.19,79.91,79.96,79.99,78.06,78.06,79.48,78.49,79.32,75.18,77.47,77.21,77.80,78.23,73.80,74.05,74.20,74.78
"Russian Federation","RE share of electricity generation (%)",17.83,18.65,17.36,16.37,18.19,17.47,16.81,16.86,15.29,16.91,15.48,15.19,14.88,16.39,15.57,14.91,16.05,16.02,17.34,17.63,19.91,21.58,0.00,0.00
"Russian Federation","RE share of electricity capacity (%)",20.86,20.85,20.91,20.99,21.10,21.02,20.93,21.02,21.03,21.11,21.39,21.41,21.27,21.00,19.80,20.51,19.46,19.47,19.54,19.75,20.23,20.59,20.68,20.74
"Türkiye","RE share of electricity generation (%)",24.94,19.84,26.25,25.30,30.73,24.54,25.26,19.03,17.35,19.58,26.38,25.33,27.24,28.83,20.89,31.96,32.89,29.35,32.08,43.52,41.85,35.42,0.00,0.00
"Türkiye","RE share of electricity capacity (%)",41.40,41.60,38.81,35.67,34.65,33.53,32.62,33.44,34.26,34.69,35.07,36.07,38.87,39.91,40.19,43.09,43.88,45.48,47.69,48.64,51.30,53.30,53.92,55.00
"Europe","RE share of electricity generation (%)",18.09,18.07,16.71,15.89,17.06,17.73,17.76,18.71,20.16,21.87,23.11,23.14,26.12,28.71,30.50,31.27,31.64,31.88,34.19,35.64,40.16,39.27,0.00,0.00
"Europe","RE share of electricity capacity (%)",23.17,23.59,24.13,24.89,25.28,26.37,27.04,27.79,28.77,30.21,31.51,34.05,36.30,38.09,39.30,41.29,42.94,44.48,45.48,47.90,49.83,51.86,54.43,56.93
"Albania","RE share of electricity generation (%)",96.15,95.31,93.95,97.86,97.50,98.71,98.32,97.48,100.00,99.98,99.99,98.59,100.00,100.00,100.00,100.00,100.00,100.00,100.00,100.00,100.00,100.00,0.00,0.00
"Albania","RE share of electricity capacity (%)",86.64,86.64,86.64,86.64,86.64,86.64,86.64,86.66,100.00,100.00,100.00,100.00,94.38,94.79,94.63,94.83,95.13,95.37,95.49,95.69,96.13,96.31,96.29,96.48
"Andorra","RE share of electricity generation (%)",100.00,100.00,100.00,100.00,100.00,100.00,100.00,100.00,100.00,100.00,100.00,100.00,100.00,100.00,100.00,100.00,99.10,96.04,96.39,96.61,97.39,93.34,0.00,0.00
"Andorra","RE share of electricity capacity (%)",100.00,100.00,100.00,100.00,100.00,100.00,100.00,100.00,100.00,100.00,100.00,100.00,100.00,100.00,100.00,100.00,96.24,96.80,96.84,96.89,96.95,97.02,97.02,97.02
"Austria","RE share of electricity generation (%)",70.91,67.63,67.03,58.68,62.00,61.17,62.86,66.34,66.61,68.29,63.26,62.16,70.70,73.86,76.69,72.87,74.78,71.58,72.95,73.60,76.39,74.56,0.00,0.00
"Austria","RE share of electricity capacity (%)",70.09,69.10,69.50,70.86,70.40,74.56,75.79,78.23,75.18,75.67,75.79,73.81,71.96,72.07,73.45,74.66,76.68,78.64,79.48,80.20,80.29,80.72,83.31,84.97
"Belarus","RE share of electricity generation (%)",0.11,0.12,0.11,0.11,0.11,0.12,0.12,0.16,0.21,0.35,0.37,0.43,0.55,0.85,0.73,0.82,1.17,2.18,1.99,2.50,3.49,3.37,0.00,0.00
"Belarus","RE share of electricity capacity (%)",0.13,0.14,0.16,0.16,0.16,0.16,0.20,0.25,0.35,0.34,0.35,0.41,0.61,0.80,0.79,0.98,2.21,2.95,3.82,4.05,4.77,4.33,5.45,5.48
"Belgium","RE share of electricity generation (%)",1.24,1.35,1.39,1.41,1.78,2.46,3.49,3.96,5.23,5.96,7.01,9.20,12.67,14.05,16.84,20.74,16.66,18.25,22.91,20.81,26.23,22.62,0.00,0.00
"Belgium","RE share of electricity capacity (%)",1.48,1.79,1.93,2.61,2.93,4.90,5.41,6.03,7.12,11.31,16.24,20.29,24.57,27.48,28.61,30.08,31.30,33.57,36.52,39.76,43.88,45.34,49.06,54.56
"Bosnia and Herzegovina","RE share of electricity generation (%)",48.84,48.70,48.85,39.95,46.98,47.60,43.84,33.85,33.18,40.28,47.41,29.13,29.91,41.98,34.90,33.73,31.63,23.22,34.19,36.55,29.04,38.77,0.00,0.00
"Bosnia and Herzegovina","RE share of electricity capacity (%)",40.72,40.72,40.72,40.73,41.20,41.20,41.20,41.20,41.68,41.68,43.62,43.65,43.67,42.80,43.02,43.12,40.81,40.62,41.63,42.20,42.49,43.53,44.10,44.45
"Bulgaria","RE share of electricity generation (%)",6.43,3.76,4.96,7.03,7.54,9.70,9.23,6.64,6.51,8.57,12.35,7.66,11.09,15.78,15.56,17.80,15.56,13.44,20.03,16.90,18.32,21.67,0.00,0.00
"Bulgaria","RE share of electricity capacity (%)",9.63,7.03,9.84,13.82,16.25,16.31,16.79,21.11,23.24,25.84,26.99,28.81,33.89,35.28,36.19,37.90,38.59,39.52,38.07,38.46,39.70,40.43,42.29,47.59
"Croatia","RE share of electricity generation (%)",57.21,56.06,45.82,41.18,54.56,53.65,50.95,37.32,45.31,55.62,62.40,46.50,48.93,66.01,73.31,65.86,65.24,59.38,71.75,65.41,63.88,69.22,0.00,0.00
"Croatia","RE share of electricity capacity (%)",55.27,55.27,52.45,52.86,53.02,53.64,53.78,53.59,53.62,53.36,54.04,54.65,55.45,57.61,58.51,56.91,57.62,58.66,59.51,65.12,69.81,71.62,72.07,72.51
"Cyprus","RE share of electricity generation (%)",0.00,0.00,0.00,0.00,0.02,0.02,0.03,0.06,0.29,0.60,1.37,3.62,5.45,7.63,7.30,8.81,8.69,8.70,9.43,10.01,12.30,15.13,0.00,0.00
"Cyprus","RE share of electricity capacity (%)",0.00,0.00,0.00,0.00,0.12,0.11,0.11,0.19,0.77,0.86,6.23,8.83,10.04,11.31,12.83,13.88,14.30,15.55,16.11,17.68,21.06,24.47,28.54,34.29
"Czechia","RE share of electricity generation (%)",3.11,3.45,3.93,2.26,3.25,3.79,4.17,3.87,4.46,5.66,6.87,8.29,9.23,10.71,10.65,11.23,11.27,11.06,10.71,11.57,12.74,12.59,0.00,0.00
"Czechia","RE share of electricity capacity (%)",6.80,7.05,6.71,6.40,6.66,6.79,7.08,7.80,8.56,11.17,16.94,18.18,19.48,19.43,19.02,19.27,19.16,19.21,19.15,19.85,20.75,21.64,22.41,22.71
"Denmark","RE share of electricity generation (%)",15.46,15.49,17.28,17.49,23.54,27.07,20.17,26.21,27.57,27.66,31.98,40.25,48.33,45.96,55.88,65.43,60.22,70.26,68.36,78.17,81.61,78.96,0.00,0.00
"Denmark","RE share of electricity capacity (%)",21.46,22.50,26.18,28.21,29.49,30.25,29.38,28.04,30.41,33.11,36.58,37.71,42.27,47.68,49.54,50.77,52.09,57.23,59.38,61.32,63.78,67.16,69.14,70.57
"Estonia","RE share of electricity generation (%)",0.21,0.21,0.35,0.48,0.58,1.09,1.33,1.19,1.87,6.17,8.05,9.15,12.34,9.20,11.18,15.42,13.05,14.12,16.09,28.13,48.87,39.95,0.00,0.00
"Estonia","RE share of electricity capacity (%)",0.25,0.29,0.42,0.74,0.82,1.88,1.88,2.55,3.49,6.42,9.31,11.83,15.10,17.81,18.51,20.73,23.55,24.20,21.59,26.06,30.27,42.00,44.83,51.70
"Faroe Islands","RE share of electricity generation (%)",35.36,32.57,40.39,35.62,41.37,44.51,44.32,44.62,39.45,38.98,28.90,39.08,37.93,38.43,50.82,60.10,49.94,51.12,48.84,40.43,38.69,38.08,0.00,0.00
"Faroe Islands","RE share of electricity capacity (%)",37.11,33.90,34.00,33.04,33.04,34.32,34.32,34.32,34.32,34.48,34.48,34.48,41.39,43.73,48.02,46.36,46.34,46.34,44.81,40.38,35.96,35.89,35.89,35.89
"Finland","RE share of electricity generation (%)",33.41,28.93,26.46,22.61,29.86,33.25,27.29,29.94,35.88,30.11,29.99,32.89,40.56,35.97,38.58,44.50,44.23,46.61,45.74,46.44,51.87,52.93,0.00,0.00
"Finland","RE share of electricity capacity (%)",27.37,27.90,28.04,28.79,29.21,29.76,29.81,30.17,32.11,32.20,32.23,32.94,33.05,32.98,35.26,36.84,41.20,43.55,43.95,44.98,50.16,52.60,60.86,59.46
"France","RE share of electricity generation (%)",12.56,13.85,11.21,10.84,10.87,9.54,10.60,11.28,12.61,12.72,13.47,11.52,14.88,17.07,16.42,15.85,17.55,16.48,19.53,19.83,23.53,22.04,0.00,0.00
"France","RE share of electricity capacity (%)",20.95,20.84,20.85,20.99,21.10,21.50,22.17,22.80,23.65,24.30,25.55,27.49,28.57,29.92,31.32,32.54,33.84,36.09,37.54,39.32,40.78,42.44,44.25,45.73
"Germany","RE share of electricity generation (%)",6.15,6.46,7.58,7.66,9.38,10.18,11.33,13.93,14.70,16.08,16.61,20.23,22.77,23.85,25.89,29.12,29.16,33.09,34.67,39.60,43.70,39.23,0.00,0.00
"Germany","RE share of electricity capacity (%)",9.93,12.34,14.53,17.93,19.74,22.16,24.41,26.00,26.99,31.13,34.72,38.22,43.80,45.20,45.73,48.14,50.16,52.25,51.97,54.03,56.34,57.32,59.58,63.28
"Greece","RE share of electricity generation (%)",8.47,6.63,7.76,11.04,10.87,11.66,13.64,8.47,9.02,13.31,18.35,13.70,16.64,25.11,24.13,28.63,27.36,24.97,30.32,33.10,36.38,40.46,0.00,0.00
"Greece","RE share of electricity capacity (%)",30.25,30.65,29.27,28.75,28.91,27.22,28.83,29.55,29.82,30.48,31.06,33.41,37.01,40.69,42.39,42.96,43.96,44.71,46.06,48.46,52.52,56.80,57.15,60.64
"Hungary","RE share of electricity generation (%)",0.69,0.71,0.66,0.98,2.77,5.23,4.16,4.71,5.89,8.06,8.08,7.52,7.64,9.20,10.72,10.64,10.21,10.57,11.74,13.68,15.83,19.14,0.00,0.00
"Hungary","RE share of electricity capacity (%)",0.80,0.80,1.26,1.37,2.98,4.90,5.02,5.34,6.69,8.64,9.59,9.22,7.70,8.90,11.81,12.47,11.97,13.77,17.55,22.89,28.24,33.74,40.51,47.15
"Iceland","RE share of electricity generation (%)",99.93,99.95,99.93,99.93,99.95,99.94,99.96,99.97,99.99,99.99,99.99,99.99,99.98,99.97,99.98,99.98,99.98,99.99,99.99,99.99,99.98,99.99,0.00,0.00
"Iceland","RE share of electricity capacity (%)",89.37,89.79,90.11,90.05,90.58,90.77,91.97,94.99,95.40,95.35,95.31,95.50,95.71,95.88,95.88,95.78,95.78,95.89,96.10,96.11,96.12,95.80,95.80,95.80
"Ireland","RE share of electricity generation (%)",4.95,4.12,5.49,4.51,5.45,7.21,9.01,9.76,11.89,14.54,13.15,19.97,19.21,21.71,24.50,27.69,24.62,28.77,32.77,38.11,41.73,36.44,0.00,0.00
"Ireland","RE share of electricity capacity (%)",7.81,7.97,7.18,8.18,10.21,12.25,13.81,13.79,16.69,20.21,19.74,21.59,23.15,25.07,28.00,28.53,31.10,34.72,36.94,40.89,42.49,43.72,45.53,48.78
"Italy","RE share of electricity generation (%)",18.39,19.48,16.94,15.95,17.76,15.95,16.12,15.20,18.22,23.66,25.48,27.42,30.82,38.65,43.13,38.49,37.28,35.12,39.50,39.43,41.68,40.25,0.00,0.00
"Italy","RE share of electricity capacity (%)",23.71,24.04,24.48,24.48,23.93,23.69,23.06,23.07,23.46,25.37,27.68,34.36,37.50,39.24,40.68,43.10,44.84,45.63,46.14,46.70,47.68,48.53,49.38,51.43
"Kosovo","RE share of electricity generation (%)",1.76,1.39,1.40,1.43,2.77,2.51,2.28,1.94,1.47,2.41,3.04,1.81,1.61,2.20,2.78,2.29,4.10,3.04,5.15,4.95,5.42,6.37,0.00,0.00
"Kosovo","RE share of electricity capacity (%)",3.38,3.38,3.38,3.38,3.38,3.38,4.19,4.19,4.19,4.19,4.49,4.59,4.59,4.59,4.59,4.60,8.15,8.57,8.57,9.73,10.67,10.93,13.00,17.16
"Latvia","RE share of electricity generation (%)",68.26,66.34,62.51,58.82,68.16,69.58,56.97,59.28,60.90,63.85,54.86,50.49,66.63,56.92,54.53,50.18,54.18,72.52,52.02,49.58,63.75,63.59,0.00,0.00
"Latvia","RE share of electricity capacity (%)",72.42,72.67,72.76,72.82,72.83,72.58,73.05,73.70,73.04,62.95,63.43,63.72,63.95,60.55,60.84,60.80,60.73,61.07,61.04,62.15,62.03,62.02,63.87,67.73
"Lithuania","RE share of electricity generation (%)",2.98,2.23,2.02,1.70,2.22,3.11,3.49,4.15,4.33,4.45,15.85,23.07,23.46,32.05,34.36,34.02,49.11,60.61,62.79,62.17,46.67,51.62,0.00,0.00
"Lithuania","RE share of electricity capacity (%)",1.80,1.84,1.87,1.97,2.02,2.70,3.55,3.99,4.15,5.05,7.79,9.52,10.64,12.19,13.50,19.32,20.94,23.67,24.93,25.43,26.84,31.23,40.76,52.51
"Luxembourg","RE share of electricity generation (%)",14.63,10.34,4.09,3.90,4.72,5.06,5.67,6.61,7.94,6.91,5.84,6.61,8.07,12.81,13.41,15.57,20.80,26.86,31.06,41.75,43.70,44.77,0.00,0.00
"Luxembourg","RE share of electricity capacity (%)",4.35,4.35,3.46,4.61,6.01,6.01,6.08,6.09,6.67,6.83,7.38,7.99,10.45,11.64,11.14,11.80,17.59,18.65,18.93,21.75,23.78,26.85,29.20,36.03
"Malta","RE share of electricity generation (%)",0.00,0.00,0.00,0.00,0.00,0.00,0.00,0.00,0.01,0.03,0.03,0.46,1.12,1.58,3.36,7.82,15.90,10.42,10.14,9.80,11.33,11.88,0.00,0.00
"Malta","RE share of electricity capacity (%)",0.00,0.00,0.00,0.00,0.00,0.02,0.02,0.02,0.04,0.16,0.14,1.43,2.94,4.85,8.51,11.66,17.14,16.48,18.79,21.32,24.61,26.26,31.16,31.96
"Republic of Moldova","RE share of electricity generation (%)",6.72,6.29,6.51,6.31,6.47,6.29,6.19,6.38,6.46,5.78,6.74,6.22,4.68,11.35,9.37,6.76,5.89,9.97,9.48,9.96,8.43,9.46,0.00,0.00
"Republic of Moldova","RE share of electricity capacity (%)",1.80,1.69,1.69,2.05,2.02,2.02,2.09,1.86,2.12,2.12,2.12,2.05,2.11,2.19,2.26,2.26,2.34,2.67,3.47,3.59,3.80,4.93,7.97,9.47
"Montenegro","RE share of electricity generation (%)",0.00,0.00,0.00,0.00,0.00,65.15,59.28,59.89,54.42,75.04,68.37,45.33,51.94,63.47,55.21,49.65,58.68,45.15,59.20,56.18,52.22,61.76,0.00,0.00
"Montenegro","RE share of electricity capacity (%)",0.00,0.00,0.00,0.00,0.00,74.97,74.97,74.97,74.97,73.65,73.65,73.65,73.65,73.68,74.36,74.63,74.81,76.85,76.87,77.92,78.41,78.41,78.81,79.20
"Netherlands","RE share of electricity generation (%)",3.31,3.53,4.14,4.09,5.24,7.45,8.15,7.21,8.86,9.53,9.39,10.81,12.09,11.91,11.27,12.42,12.83,14.88,16.54,18.78,26.56,33.14,0.00,0.00
"Netherlands","RE share of electricity capacity (%)",3.74,4.11,4.95,6.16,6.68,7.50,8.68,9.75,11.40,11.39,11.36,11.38,11.64,13.70,14.69,18.15,21.67,24.12,28.33,34.10,43.41,49.05,54.37,59.14
"North Macedonia","RE share of electricity generation (%)",17.18,9.84,12.43,20.39,22.23,21.49,23.55,15.54,13.31,18.60,33.49,21.22,16.67,26.14,24.04,35.93,36.71,23.14,35.05,22.89,28.65,30.67,0.00,0.00
"North Macedonia","RE share of electricity capacity (%)",30.43,30.43,30.43,30.47,34.94,34.87,34.91,34.96,35.20,34.58,33.82,33.94,35.11,36.05,38.77,40.00,39.47,39.85,40.00,40.19,42.61,38.65,42.54,50.76
"Norway","RE share of electricity generation (%)",99.39,99.06,99.23,98.84,98.89,98.92,99.02,98.35,98.75,95.99,95.42,95.58,97.25,97.27,97.16,96.90,97.39,97.32,97.26,97.17,97.97,98.82,0.00,0.00
"Norway","RE share of electricity capacity (%)",99.22,99.21,99.44,99.45,99.37,99.28,99.32,98.01,97.91,96.22,95.43,95.45,95.42,95.54,95.67,95.69,96.98,97.02,97.12,97.22,97.37,97.77,98.22,98.20
"Poland","RE share of electricity generation (%)",1.50,1.79,1.80,1.39,2.08,2.45,2.66,3.44,4.29,5.76,7.03,8.12,10.49,10.42,12.52,13.82,13.70,14.17,12.73,15.54,17.88,17.03,0.00,0.00
"Poland","RE share of electricity capacity (%)",2.74,2.98,2.93,2.98,3.02,3.38,3.57,4.00,4.73,5.30,6.53,8.74,11.60,14.28,15.66,18.54,20.68,18.63,19.28,21.55,24.86,31.15,40.35,44.18
"Portugal","RE share of electricity generation (%)",29.40,33.85,21.11,37.78,27.30,17.73,32.06,34.32,31.85,36.43,52.42,45.97,41.56,57.04,59.77,46.49,53.56,37.98,49.30,51.56,56.71,61.87,0.00,0.00
"Portugal","RE share of electricity capacity (%)",44.78,45.01,45.01,44.14,44.64,47.98,49.06,51.01,52.92,51.47,50.74,52.94,55.48,58.96,60.51,61.93,64.08,64.69,64.92,65.43,65.61,70.62,75.74,77.56
"Romania","RE share of electricity generation (%)",28.66,27.87,29.49,24.18,29.23,34.02,29.28,25.95,26.52,26.81,33.29,26.22,25.28,34.22,41.30,39.52,41.43,37.77,40.38,41.32,43.99,44.30,0.00,0.00
"Romania","RE share of electricity capacity (%)",37.88,37.29,36.86,36.87,36.98,33.19,32.68,32.31,32.67,32.78,34.30,36.34,38.58,44.22,46.91,47.27,47.56,47.50,47.65,53.73,54.32,59.51,60.20,62.23
"Serbia","RE share of electricity generation (%)",30.24,29.69,29.41,25.23,28.18,31.29,28.37,25.89,25.59,27.51,31.21,22.46,25.27,25.66,32.41,26.43,27.63,25.10,29.17,27.97,26.96,33.11,0.00,0.00
"Serbia","RE share of electricity capacity (%)",19.54,19.18,18.83,17.58,17.05,42.33,42.22,37.51,30.39,29.35,32.59,32.83,33.29,32.76,33.36,33.41,33.72,33.45,35.26,36.92,37.05,37.23,35.98,36.83
"Slovakia","RE share of electricity generation (%)",14.81,15.86,16.71,11.49,13.50,14.87,15.29,17.59,15.76,18.78,21.32,17.45,19.10,22.03,22.73,22.45,24.49,23.55,21.53,23.37,23.78,22.58,0.00,0.00
"Slovakia","RE share of electricity capacity (%)",22.61,19.10,20.08,19.97,19.98,19.98,20.87,23.73,24.34,24.34,22.89,27.51,27.75,27.88,29.41,30.63,30.95,31.09,30.55,31.47,30.84,32.12,32.59,33.32
"Slovenia","RE share of electricity generation (%)",28.66,26.74,23.39,22.28,27.60,23.65,24.50,22.46,26.27,29.91,28.89,24.16,27.51,31.74,37.91,28.84,30.65,27.24,32.05,31.30,32.47,34.32,0.00,0.00
"Slovenia","RE share of electricity capacity (%)",32.90,31.87,32.86,33.33,33.46,33.32,33.88,34.28,36.30,36.85,35.48,36.23,38.09,39.83,40.69,42.29,39.84,40.88,38.83,39.47,41.02,41.76,43.99,47.77
"Spain","RE share of electricity generation (%)",15.37,20.88,13.54,21.39,17.91,14.37,17.42,19.11,19.81,25.14,32.43,29.79,29.23,39.00,39.56,34.56,38.08,31.89,37.86,36.96,43.20,45.84,0.00,0.00
"Spain","RE share of electricity capacity (%)",33.29,34.43,34.57,35.30,35.39,34.38,34.92,36.04,39.11,41.14,41.51,42.77,44.18,44.21,44.06,44.69,45.12,46.17,46.52,49.78,52.91,55.86,60.25,62.21
"Sweden","RE share of electricity generation (%)",57.23,51.55,48.49,43.36,44.94,51.27,49.55,51.99,54.26,58.37,55.26,55.91,59.02,53.99,55.80,63.23,57.13,57.87,55.79,58.74,68.45,67.37,0.00,0.00
"Sweden","RE share of electricity capacity (%)",54.15,55.27,56.36,54.80,55.86,59.12,60.21,59.39,60.36,61.50,61.40,65.65,64.19,65.00,65.92,67.70,68.96,70.81,70.78,72.75,71.85,75.75,77.36,78.71
"Switzerland","RE share of electricity generation (%)",55.82,58.27,53.78,53.03,52.99,54.12,50.17,53.70,54.15,54.10,55.26,52.64,58.03,57.93,56.69,60.74,59.86,59.86,56.26,57.49,59.46,63.62,0.00,0.00
"Switzerland","RE share of electricity capacity (%)",75.96,75.99,75.91,75.88,75.98,76.07,76.08,76.25,76.19,75.97,75.44,75.62,75.68,76.11,76.37,76.66,78.02,78.88,79.18,79.50,79.92,81.73,82.26,83.45
"United Kingdom","RE share of electricity generation (%)",2.64,2.48,2.87,2.67,3.59,4.25,4.56,4.96,5.72,6.81,6.84,9.57,11.33,14.86,19.10,24.66,24.61,29.30,33.06,37.00,43.36,39.76,0.00,0.00
"United Kingdom","RE share of electricity capacity (%)",3.72,4.01,4.25,4.66,4.96,5.97,6.47,7.13,8.23,9.49,10.28,13.62,16.56,21.39,25.75,31.95,36.34,38.77,41.26,45.31,46.32,47.87,49.57,51.63
"Ukraine","RE share of electricity generation (%)",6.58,6.97,5.55,5.14,6.47,6.66,6.68,5.33,6.08,6.68,6.82,5.48,5.65,7.78,5.93,4.76,6.02,7.73,8.57,8.27,11.44,11.44,0.00,0.00
"Ukraine","RE share of electricity capacity (%)",9.11,9.17,9.19,9.20,8.81,8.82,8.82,8.87,8.91,8.54,8.20,9.05,9.52,10.29,10.72,10.81,10.70,12.24,14.19,21.74,23.82,25.18,25.18,24.79
"European Union","RE share of electricity generation (%)",15.29,15.94,14.14,14.00,15.18,15.19,15.75,16.65,18.04,20.06,21.87,21.95,24.79,27.64,29.27,29.46,29.76,29.56,31.94,33.63,37.96,36.92,0.00,0.00
"European Union","RE share of electricity capacity (%)",47.73,48.65,49.54,50.78,52.26,53.80,55.15,56.72,58.39,60.67,63.15,65.97,69.32,70.34,71.17,72.29,73.13,74.15,75.01,76.25,77.94,79.33,81.58,83.57
"Middle East","RE share of electricity generation (%)",1.73,1.95,2.29,2.83,2.81,4.20,4.16,3.68,1.52,1.63,2.07,2.32,0.89,2.43,1.96,1.78,2.14,1.93,2.12,3.91,3.49,2.99,0.00,0.00
"Middle East","RE share of electricity capacity (%)",4.16,4.01,4.18,4.53,6.27,6.67,6.84,6.97,6.34,5.93,5.79,5.59,5.81,5.68,5.94,5.64,5.72,5.73,6.19,6.88,7.22,7.78,8.90,9.86
"Bahrain","RE share of electricity generation (%)",0.00,0.00,0.00,0.00,0.00,0.00,0.00,0.00,0.01,0.01,0.01,0.01,0.01,0.01,0.03,0.03,0.03,0.03,0.03,0.03,0.03,0.04,0.00,0.00
"Bahrain","RE share of electricity capacity (%)",0.00,0.00,0.00,0.00,0.00,0.00,0.00,0.00,0.01,0.01,0.01,0.01,0.01,0.01,0.08,0.08,0.10,0.10,0.10,0.12,0.12,0.22,0.49,0.60
"Iran (Islamic Republic of)","RE share of electricity generation (%)",2.92,3.91,5.73,7.23,6.39,9.07,9.50,8.89,2.31,3.36,4.18,5.12,0.71,5.61,5.14,5.11,5.78,5.02,5.37,9.55,7.01,4.19,0.00,0.00
"Iran (Islamic Republic of)","RE share of electricity capacity (%)",7.35,6.91,9.60,12.87,13.45,14.77,14.56,15.11,14.57,13.82,13.97,13.52,14.26,14.73,14.92,14.00,14.05,14.38,14.28,14.27,14.00,13.82,13.77,13.54
"Iraq","RE share of electricity generation (%)",1.92,1.92,1.92,1.53,1.53,16.94,16.19,14.17,9.48,7.01,9.75,7.64,9.55,8.22,4.41,3.79,4.28,2.61,2.64,5.99,5.27,5.27,0.00,0.00
"Iraq","RE share of electricity capacity (%)",11.96,11.96,6.81,8.53,20.69,17.85,21.01,21.40,17.38,15.81,16.05,13.42,13.42,8.49,9.02,7.42,7.17,6.10,5.85,5.85,5.51,5.29,5.09,5.03
"Israel","RE share of electricity generation (%)",0.07,0.05,0.07,0.09,0.08,0.08,0.05,0.05,0.07,0.16,0.33,0.68,0.82,0.93,1.57,2.06,2.62,2.87,3.08,4.71,6.19,7.62,0.00,0.00
"Israel","RE share of electricity capacity (%)",0.07,0.07,0.12,0.12,0.12,0.12,0.12,0.14,0.19,0.41,0.76,1.58,2.14,3.15,4.21,4.82,5.46,5.95,7.78,11.31,13.42,16.95,20.38,20.49
"Jordan","RE share of electricity generation (%)",0.61,0.68,0.75,0.62,0.69,0.67,0.54,0.58,0.52,0.48,0.49,0.52,0.42,0.37,0.37,1.21,4.39,6.66,10.56,14.29,20.11,24.22,0.00,0.00
"Jordan","RE share of electricity capacity (%)",0.87,0.87,0.81,0.81,0.81,0.77,0.81,0.78,0.67,0.65,0.54,0.49,0.49,0.51,0.41,4.58,12.01,14.68,20.20,24.46,34.30,38.21,38.14,37.08
"Kuwait","RE share of electricity generation (%)",0.00,0.00,0.00,0.00,0.00,0.00,0.00,0.00,0.00,0.00,0.00,0.00,0.00,0.00,0.01,0.01,0.07,0.07,0.07,0.08,0.08,0.26,0.00,0.00
"Kuwait","RE share of electricity capacity (%)",0.00,0.00,0.00,0.00,0.00,0.00,0.00,0.00,0.00,0.00,0.00,0.00,0.00,0.02,0.04,0.04,0.13,0.14,0.25,0.49,0.48,0.48,0.56,0.56
"Lebanon","RE share of electricity generation (%)",6.20,4.06,7.64,12.11,10.74,10.34,7.48,6.12,3.51,5.68,7.49,7.55,11.17,9.16,1.74,4.17,3.31,3.47,1.98,4.83,5.67,3.49,0.00,0.00
"Lebanon","RE share of electricity capacity (%)",9.65,9.65,9.65,9.26,9.26,10.36,10.01,10.01,9.84,9.67,8.77,8.64,8.70,8.12,8.22,8.15,8.65,8.84,9.26,9.77,10.09,14.12,29.56,31.80
"Oman","RE share of electricity generation (%)",0.00,0.00,0.00,0.00,0.00,0.00,0.00,0.00,0.00,0.00,0.00,0.00,0.00,0.01,0.00,0.01,0.01,0.04,0.13,0.16,0.43,1.90,0.00,0.00
"Oman","RE share of electricity capacity (%)",0.00,0.00,0.00,0.00,0.00,0.00,0.00,0.00,0.00,0.00,0.00,0.00,0.00,0.01,0.01,0.03,0.03,0.10,0.30,0.66,1.50,1.72,6.09,6.23
"State of Palestine","RE share of electricity generation (%)",0.00,0.00,0.00,0.00,0.00,0.00,0.00,0.00,0.00,0.00,0.00,0.00,0.22,0.37,0.88,1.80,7.91,8.35,14.33,15.17,21.27,24.46,0.00,0.00
"State of Palestine","RE share of electricity capacity (%)",0.00,0.00,0.00,0.00,0.00,0.00,0.00,0.00,0.00,0.00,0.00,0.25,0.43,0.43,2.10,6.98,13.51,18.09,20.14,33.93,42.38,52.69,54.57,90.57
"Qatar","RE share of electricity generation (%)",0.00,0.00,0.00,0.00,0.00,0.00,0.00,0.00,0.00,0.00,0.00,0.03,0.03,0.23,0.28,0.30,0.31,0.30,0.30,0.25,0.29,0.27,0.00,0.00
"Qatar","RE share of electricity capacity (%)",0.00,0.00,0.00,0.00,0.00,0.00,0.00,0.00,0.00,0.00,0.00,0.22,0.22,0.24,0.26,0.26,0.28,0.24,0.23,0.23,0.23,0.23,7.22,7.22
"Saudi Arabia","RE share of electricity generation (%)",0.00,0.00,0.00,0.00,0.00,0.00,0.00,0.00,0.00,0.00,0.00,0.00,0.01,0.01,0.01,0.01,0.01,0.02,0.06,0.07,0.07,0.07,0.00,0.00
"Saudi Arabia","RE share of electricity capacity (%)",0.00,0.00,0.00,0.00,0.00,0.00,0.00,0.00,0.00,0.00,0.00,0.01,0.03,0.04,0.04,0.04,0.03,0.05,0.11,0.15,0.14,0.53,1.00,2.94
"Syrian Arab Republic","RE share of electricity generation (%)",12.93,12.87,8.85,9.18,13.08,12.08,10.62,9.08,7.07,4.38,5.65,7.89,10.48,11.69,9.95,2.31,5.19,3.73,2.98,2.96,3.14,3.28,0.00,0.00
"Syrian Arab Republic","RE share of electricity capacity (%)",19.69,18.50,17.40,5.24,19.86,20.20,19.62,17.73,11.87,10.89,10.44,10.44,10.44,10.44,15.42,16.50,16.04,15.37,14.89,14.90,14.89,15.07,15.29,15.29
"United Arab Emirates","RE share of electricity generation (%)",0.00,0.00,0.00,0.00,0.00,0.00,0.00,0.00,0.00,0.01,0.02,0.02,0.02,0.08,0.26,0.24,0.25,0.56,0.89,2.65,3.78,4.19,0.00,0.00
"United Arab Emirates","RE share of electricity capacity (%)",0.00,0.00,0.00,0.00,0.00,0.00,0.00,0.00,0.00,0.05,0.05,0.05,0.05,0.44,0.46,0.46,0.47,1.15,1.90,5.83,6.63,8.32,9.40,14.02
"Yemen","RE share of electricity generation (%)",0.00,0.00,0.00,0.00,0.00,0.00,0.00,0.00,0.03,0.03,0.03,0.04,0.04,0.05,0.11,2.02,3.23,4.78,13.89,14.78,16.88,16.88,0.00,0.00
"Yemen","RE share of electricity capacity (%)",0.00,0.00,0.00,0.00,0.00,0.00,0.00,0.00,0.08,0.07,0.06,0.08,0.09,0.16,0.36,3.81,5.04,6.35,14.29,13.64,13.62,12.87,13.13,14.25
"North America","RE share of electricity generation (%)",15.18,13.70,15.22,15.01,14.83,15.02,15.45,14.83,15.69,16.72,16.29,18.35,18.31,19.07,19.43,19.64,21.07,22.98,22.54,23.27,25.47,25.56,0.00,0.00
"North America","RE share of electricity capacity (%)",16.99,17.31,16.62,16.10,15.97,16.00,16.28,16.79,17.37,18.11,18.83,19.47,20.83,21.61,22.45,24.02,25.46,26.39,27.18,28.61,30.49,32.41,34.12,35.73
"Canada","RE share of electricity generation (%)",60.62,58.05,59.90,58.93,58.46,59.85,59.55,60.26,61.35,62.98,61.26,62.47,63.64,64.06,63.16,64.06,64.90,66.54,65.92,65.84,67.09,67.45,0.00,0.00
"Canada","RE share of electricity capacity (%)",61.81,61.06,61.76,61.41,62.24,60.29,60.85,61.15,61.68,60.58,61.22,62.54,63.35,64.68,65.49,66.30,66.45,66.87,67.51,67.50,67.51,69.15,69.28,69.29
"Greenland","RE share of electricity generation (%)",94.38,52.69,54.17,55.95,31.20,48.11,42.78,44.65,43.03,54.35,64.14,65.79,65.66,72.93,73.91,75.33,75.29,71.25,72.56,74.97,74.33,77.04,0.00,0.00
"Greenland","RE share of electricity capacity (%)",22.30,22.30,22.30,22.30,22.97,22.97,22.97,26.98,33.78,33.78,39.43,39.43,48.75,48.75,48.75,48.75,48.75,48.75,48.80,48.80,48.86,48.93,48.95,48.95
"Mexico","RE share of electricity generation (%)",19.77,17.07,15.01,12.11,14.43,15.20,15.33,14.09,17.55,12.95,16.61,14.89,13.79,13.30,17.53,15.29,15.28,16.03,15.60,16.53,21.27,21.07,0.00,0.00
"Mexico","RE share of electricity capacity (%)",26.95,25.90,24.10,22.40,23.07,23.02,22.34,22.74,22.19,22.19,21.84,21.57,23.06,23.71,25.08,25.72,26.23,26.51,24.33,27.90,29.88,30.48,31.19,32.25
"Saint Pierre and Miquelon","RE share of electricity generation (%)",1.52,1.74,1.66,1.65,1.62,1.65,1.79,3.51,1.92,1.80,2.31,2.50,2.00,2.13,0.06,0.00,0.00,0.00,0.00,0.00,0.00,0.00,0.00,0.00
"Saint Pierre and Miquelon","RE share of electricity capacity (%)",2.28,2.28,2.28,2.28,2.28,2.28,2.28,2.28,2.28,2.28,2.28,2.28,2.28,2.28,2.28,0.00,0.00,0.00,0.00,0.00,0.00,0.00,0.00,0.00
"United States of America","RE share of electricity generation (%)",8.15,6.74,8.59,8.83,8.57,8.53,9.19,8.32,8.95,10.24,10.06,12.16,11.95,12.58,12.92,13.17,14.74,16.75,16.68,17.47,19.42,19.80,0.00,0.00
"United States of America","RE share of electricity capacity (%)",10.69,11.08,10.50,10.11,9.93,10.03,10.29,10.82,11.51,12.41,13.25,13.91,15.39,16.06,16.81,18.24,19.88,20.96,22.04,23.50,25.67,27.84,29.84,31.71
"Oceania","RE share of electricity generation (%)",18.71,16.79,17.53,17.70,18.55,17.87,18.31,17.74,17.17,17.47,18.65,20.42,20.06,22.49,24.36,23.45,24.71,25.25,26.66,28.59,30.66,34.26,0.00,0.00
"Oceania","RE share of electricity capacity (%)",24.10,24.20,23.36,23.15,23.67,25.66,25.71,25.38,25.52,25.44,25.51,27.03,28.71,30.20,31.20,30.36,31.93,34.34,38.05,42.16,45.48,48.05,49.61,52.60
"American Samoa","RE share of electricity generation (%)",0.00,0.00,0.00,0.00,0.00,0.00,0.00,0.00,0.00,0.00,0.00,0.17,0.90,1.55,1.50,1.52,1.83,4.59,4.75,4.28,3.87,3.89,0.00,0.00
"American Samoa","RE share of electricity capacity (%)",0.00,0.00,0.00,0.00,0.00,0.00,0.00,0.00,0.00,0.00,0.00,0.00,6.60,6.60,6.60,6.60,10.56,9.71,11.50,10.80,10.80,10.80,9.34,9.34
"Australia","RE share of electricity generation (%)",8.37,8.09,7.85,8.43,8.18,8.79,9.30,8.64,8.11,7.50,8.60,10.35,10.49,13.11,14.59,13.29,14.48,15.58,17.02,19.57,22.45,26.50,0.00,0.00
"Australia","RE share of electricity capacity (%)",16.04,16.19,15.39,15.28,15.87,18.07,18.19,18.11,18.08,18.12,18.49,20.48,22.53,24.26,25.52,24.75,26.38,29.12,33.78,38.77,42.89,45.79,47.39,50.75
"Cook Islands","RE share of electricity generation (%)",0.31,0.29,0.27,0.26,0.34,0.33,0.25,0.23,0.23,0.23,0.22,0.23,0.23,2.90,4.40,10.55,13.63,15.99,24.22,25.06,26.21,21.14,0.00,0.00
"Cook Islands","RE share of electricity capacity (%)",0.86,0.86,0.77,1.30,1.30,1.30,0.96,0.96,0.56,0.45,0.45,0.45,0.45,5.28,11.59,17.61,14.10,14.10,20.85,23.29,23.29,23.29,23.29,23.29
"Fiji","RE share of electricity generation (%)",76.14,77.69,73.33,56.84,58.80,52.83,50.65,66.22,64.92,60.10,51.32,58.02,64.98,61.21,49.22,47.83,53.82,51.25,58.34,54.48,54.55,60.07,0.00,0.00
"Fiji","RE share of electricity capacity (%)",46.48,52.44,52.45,52.45,53.89,50.18,52.68,54.59,56.16,56.16,56.18,56.18,62.58,61.26,61.33,56.51,56.76,58.46,58.53,55.68,55.71,56.61,56.66,56.78
"French Polynesia","RE share of electricity generation (%)",27.67,27.37,20.40,20.24,24.32,22.57,24.33,25.50,23.28,22.24,30.52,27.47,25.71,25.69,29.12,29.74,31.54,30.91,29.32,28.89,30.41,23.73,0.00,0.00
"French Polynesia","RE share of electricity capacity (%)",25.15,25.21,25.26,21.51,21.59,21.69,21.77,21.83,21.98,22.06,19.38,21.80,22.72,24.09,25.80,26.83,27.44,28.21,29.01,29.96,30.77,30.41,31.95,32.10
"Guam","RE share of electricity generation (%)",0.00,0.00,0.00,0.00,0.00,0.00,0.00,0.00,0.00,0.00,0.01,0.01,0.03,0.09,0.15,1.80,3.82,3.57,4.29,4.47,4.70,4.80,0.00,0.00
"Guam","RE share of electricity capacity (%)",0.00,0.00,0.00,0.00,0.00,0.00,0.00,0.00,0.00,0.01,0.02,0.02,0.06,0.15,0.27,6.13,7.42,6.95,7.26,8.70,9.02,9.35,19.99,20.01
"Kiribati","RE share of electricity generation (%)",0.78,0.74,0.74,0.59,1.65,1.80,1.75,1.84,1.99,1.99,2.97,3.20,3.37,3.53,6.22,16.18,18.60,16.91,17.89,16.37,16.37,16.37,0.00,0.00
"Kiribati","RE share of electricity capacity (%)",1.49,1.49,1.19,1.19,3.07,4.89,3.95,4.21,4.62,4.55,6.44,6.74,7.31,7.37,10.55,26.24,30.60,30.60,32.94,32.94,32.94,32.94,32.94,32.94
"Marshall Islands","RE share of electricity generation (%)",0.08,0.07,0.07,0.07,0.12,0.12,0.13,0.13,0.27,0.47,0.56,0.57,0.73,1.04,1.72,1.73,2.14,2.40,2.43,2.43,2.43,2.43,0.00,0.00
"Marshall Islands","RE share of electricity capacity (%)",0.12,0.12,0.12,0.12,0.21,0.21,0.24,0.24,0.52,0.91,1.08,1.11,1.44,2.04,3.46,3.46,5.36,5.55,5.60,5.60,5.60,5.60,5.81,6.02
"Micronesia (Federated States of)","RE share of electricity generation (%)",4.19,4.19,4.19,0.17,0.17,0.17,0.17,0.30,0.39,0.87,1.08,1.27,1.09,1.45,3.41,4.63,6.33,6.38,6.29,6.60,6.19,4.95,0.00,0.00
"Micronesia (Federated States of)","RE share of electricity capacity (%)",6.34,6.34,6.34,0.31,0.31,0.31,0.31,0.56,0.73,1.81,1.81,1.81,1.81,2.19,5.73,6.73,7.72,7.10,9.85,10.27,10.27,10.27,10.27,10.27
"Nauru","RE share of electricity generation (%)",0.00,0.00,0.00,0.00,0.00,0.00,0.21,0.16,0.13,0.20,0.13,0.13,0.19,0.64,0.75,0.66,0.80,3.13,3.09,3.86,6.71,9.83,0.00,0.00
"Nauru","RE share of electricity capacity (%)",0.00,0.00,0.00,0.00,0.00,0.00,0.37,0.37,0.37,0.37,0.37,0.37,0.70,2.08,1.76,1.76,5.72,4.06,4.67,9.28,9.30,10.91,11.77,11.77
"New Caledonia","RE share of electricity generation (%)",27.29,21.63,18.80,18.67,20.11,18.97,16.94,22.21,26.40,22.55,15.00,18.84,20.09,20.51,11.67,14.09,9.23,13.45,11.75,13.74,15.60,22.48,0.00,0.00
"New Caledonia","RE share of electricity capacity (%)",22.36,22.95,23.43,24.39,26.76,26.71,27.76,22.63,22.63,21.49,21.76,21.78,21.23,18.24,12.93,13.11,13.41,14.97,16.03,18.99,20.85,24.58,23.93,24.21
"New Zealand","RE share of electricity generation (%)",71.92,63.92,69.78,66.26,72.54,64.63,65.00,65.76,64.51,71.92,73.40,76.32,72.20,74.69,79.51,80.46,84.56,81.51,83.65,82.02,80.43,81.44,0.00,0.00
"New Zealand","RE share of electricity capacity (%)",67.79,67.77,68.95,69.16,67.92,68.64,68.57,66.41,68.45,70.08,70.42,69.42,70.54,72.66,73.20,76.23,77.63,77.69,77.77,77.85,77.09,77.71,80.40,80.72
"Niue","RE share of electricity generation (%)",0.00,0.00,0.00,0.00,0.00,0.00,0.00,0.00,0.00,2.26,2.26,2.17,2.13,2.12,14.53,13.83,13.83,13.83,13.83,13.83,13.83,13.83,0.00,0.00
"Niue","RE share of electricity capacity (%)",0.00,0.00,0.00,0.00,0.00,0.00,0.00,0.00,0.00,2.64,2.57,2.57,2.57,2.57,14.06,14.06,14.06,14.06,14.06,31.11,31.11,31.11,31.11,31.11
"Palau","RE share of electricity generation (%)",0.00,0.00,0.00,0.00,0.00,0.04,0.04,0.04,0.39,0.43,0.42,0.85,1.16,1.26,1.84,1.84,3.26,3.36,3.93,3.83,4.38,5.13,0.00,0.00
"Palau","RE share of electricity capacity (%)",0.02,0.02,0.02,0.02,0.02,0.12,0.12,0.12,1.08,1.08,0.74,1.46,1.67,1.87,3.41,3.41,6.16,6.16,7.38,8.16,8.84,12.58,12.58,39.43
"Papua New Guinea","RE share of electricity generation (%)",54.28,55.18,55.19,57.07,57.02,57.94,55.98,58.66,59.80,53.66,52.11,49.17,49.30,47.94,46.15,44.26,42.62,42.65,40.53,46.28,44.66,53.10,0.00,0.00
"Papua New Guinea","RE share of electricity capacity (%)",41.39,41.42,41.42,42.12,42.13,45.28,44.91,46.03,46.55,39.16,39.81,35.03,35.56,35.52,34.50,34.84,34.74,33.67,33.67,33.41,31.96,32.00,32.21,36.05
"Samoa","RE share of electricity generation (%)",54.03,52.41,50.43,47.94,50.29,50.03,44.92,43.33,40.97,41.00,36.24,28.30,30.75,27.01,25.92,29.75,31.39,36.06,42.61,40.58,47.56,49.14,0.00,0.00
"Samoa","RE share of electricity capacity (%)",31.09,31.09,31.09,31.09,31.09,31.14,25.67,25.70,25.70,25.70,27.99,27.12,27.77,16.53,21.23,26.93,33.19,36.48,36.78,39.46,42.62,42.62,42.62,42.62
"Solomon Islands","RE share of electricity generation (%)",1.37,1.42,1.61,1.61,1.57,1.41,2.11,3.30,3.86,4.18,3.17,4.87,4.85,5.28,6.37,6.89,7.55,7.81,6.41,6.65,6.60,6.56,0.00,0.00
"Solomon Islands","RE share of electricity capacity (%)",0.69,0.68,0.73,0.73,0.79,0.78,1.81,1.81,1.81,1.82,1.45,3.07,3.06,2.88,3.96,4.77,6.43,6.71,6.55,6.36,6.36,6.36,9.17,9.74
"Tokelau","RE share of electricity generation (%)",3.99,3.99,3.99,3.99,3.78,3.59,3.43,3.27,3.15,2.85,2.68,2.52,61.41,91.43,92.11,92.11,92.11,92.74,92.11,92.11,92.11,92.11,0.00,0.00
"Tokelau","RE share of electricity capacity (%)",12.73,12.73,12.73,12.73,12.73,12.73,12.73,12.73,12.73,12.73,12.73,12.73,86.85,86.85,86.85,86.85,87.85,87.85,87.85,88.00,88.00,88.00,88.00,88.00
"Tonga","RE share of electricity generation (%)",0.19,0.20,0.27,0.25,0.24,0.22,0.28,0.28,0.28,0.31,0.31,0.31,2.22,5.31,6.78,7.89,8.43,9.32,10.87,12.71,14.22,14.20,0.00,0.00
"Tonga","RE share of electricity capacity (%)",0.66,0.66,0.97,0.97,0.73,0.73,0.96,0.96,0.96,1.03,1.03,2.42,13.76,17.81,15.01,19.64,22.90,30.43,31.30,35.26,35.26,31.67,47.27,48.37
"Tuvalu","RE share of electricity generation (%)",0.18,0.17,0.16,0.16,0.16,0.15,0.15,0.15,1.16,1.67,1.41,1.39,1.50,3.16,2.84,11.56,23.63,23.32,19.24,19.15,15.81,15.81,0.00,0.00
"Tuvalu","RE share of electricity capacity (%)",0.17,0.17,0.17,0.17,0.17,0.17,0.11,0.11,0.86,4.95,4.95,5.00,5.00,6.12,6.12,40.69,53.67,53.75,53.83,53.83,54.33,54.33,54.33,54.98
"Vanuatu","RE share of electricity generation (%)",1.83,1.83,1.83,1.83,1.83,1.83,1.83,1.83,3.71,13.31,17.78,16.28,22.87,33.81,25.52,29.80,21.04,20.72,23.44,27.32,28.78,25.49,0.00,0.00
"Vanuatu","RE share of electricity capacity (%)",3.58,2.70,2.70,2.70,2.70,2.70,2.70,2.70,14.52,16.63,15.11,22.68,22.60,22.68,25.67,25.93,28.78,29.95,34.99,34.66,34.11,34.13,33.73,34.48
"South America","RE share of electricity generation (%)",77.12,74.47,75.68,75.49,73.89,75.23,74.63,73.93,71.51,73.41,70.34,72.30,68.13,64.69,63.20,62.83,65.59,67.59,69.34,69.57,71.77,69.33,0.00,0.00
"South America","RE share of electricity capacity (%)",69.25,69.14,68.07,67.59,67.14,67.78,67.99,67.97,67.16,66.18,65.07,64.84,64.06,62.33,63.04,64.37,65.17,65.64,66.71,67.40,67.64,68.42,70.03,71.40
"Argentina","RE share of electricity generation (%)",32.86,41.55,43.12,37.80,31.32,33.17,34.32,28.58,26.81,29.65,27.98,25.75,23.56,25.81,25.18,23.88,22.15,24.06,24.70,26.29,26.53,26.74,0.00,0.00
"Argentina","RE share of electricity capacity (%)",35.92,34.52,35.01,34.98,35.40,35.52,35.77,36.35,34.37,33.99,33.24,33.49,32.77,29.71,28.63,30.90,30.70,29.10,29.32,31.21,32.94,34.46,34.66,35.26
"Bolivia (Plurinational State of)","RE share of electricity generation (%)",50.84,49.68,48.69,42.22,44.13,36.90,37.21,37.40,34.81,33.31,29.97,31.99,30.01,30.95,26.41,28.12,20.59,24.98,29.82,36.41,35.70,38.25,0.00,0.00
"Bolivia (Plurinational State of)","RE share of electricity capacity (%)",32.81,34.33,39.44,39.28,39.21,39.21,39.20,39.82,40.19,39.84,37.34,34.85,31.89,30.68,27.62,27.77,29.90,31.64,35.46,35.71,30.51,31.55,41.17,32.57
"Brazil","RE share of electricity generation (%)",89.49,84.29,85.74,87.16,86.03,87.13,86.75,88.23,84.32,89.05,84.80,87.19,82.56,76.83,73.28,74.21,80.47,79.25,82.36,81.39,83.17,77.37,0.00,0.00
"Brazil","RE share of electricity capacity (%)",86.52,86.93,83.63,82.02,79.66,80.14,80.60,80.93,80.62,81.22,79.03,79.33,79.46,78.76,79.48,80.01,80.79,81.42,83.17,83.30,83.01,83.36,84.43,85.71
"Chile","RE share of electricity generation (%)",49.01,54.62,55.83,50.91,47.55,54.47,55.79,44.70,46.23,49.36,40.57,39.71,36.65,35.87,43.02,43.62,43.37,44.01,46.28,45.94,48.74,48.89,0.00,0.00
"Chile","RE share of electricity capacity (%)",45.76,43.94,43.55,42.01,45.98,44.45,44.37,42.65,42.08,40.14,38.91,38.81,39.90,40.67,42.75,42.59,41.60,44.56,47.12,47.83,51.80,54.31,58.94,63.43
"Colombia","RE share of electricity generation (%)",72.98,73.04,74.98,77.05,79.38,78.56,73.28,74.20,76.27,65.93,64.07,74.75,71.84,65.15,63.35,61.36,64.67,78.34,74.45,69.83,65.02,75.38,0.00,0.00
"Colombia","RE share of electricity capacity (%)",64.71,65.71,67.07,66.74,66.40,66.83,67.31,66.97,66.70,66.65,68.26,67.64,68.07,68.08,70.51,70.00,70.04,70.19,68.72,68.57,68.86,67.87,68.58,69.48
"Ecuador","RE share of electricity generation (%)",71.72,63.99,63.30,62.19,58.92,52.12,48.13,53.40,61.82,51.71,45.49,55.56,54.87,48.99,49.18,52.56,60.21,73.69,72.58,78.14,79.74,81.00,0.00,0.00
"Ecuador","RE share of electricity capacity (%)",51.14,54.04,49.70,49.68,50.16,49.13,46.11,47.64,47.66,46.01,45.67,45.13,43.41,43.45,42.57,43.27,56.41,58.57,60.80,60.76,60.82,60.34,61.12,61.20
"Falkland Islands (Malvinas)","RE share of electricity generation (%)",6.28,6.03,5.73,5.76,5.76,5.80,5.65,5.69,13.91,26.35,25.64,31.61,33.13,31.88,30.95,33.95,35.43,32.80,35.05,33.53,31.97,26.44,0.00,0.00
"Falkland Islands (Malvinas)","RE share of electricity capacity (%)",3.31,3.31,3.31,3.31,3.31,3.31,3.31,14.12,14.89,14.89,23.39,23.39,23.39,23.39,30.34,30.78,30.78,30.78,30.78,30.78,19.91,19.91,19.91,19.91
"French Guiana","RE share of electricity generation (%)",89.44,69.79,66.50,51.07,60.97,59.84,73.37,67.43,66.49,44.64,56.46,60.60,68.90,60.19,60.27,58.94,54.03,66.85,63.60,49.30,52.09,69.08,0.00,0.00
"French Guiana","RE share of electricity capacity (%)",51.22,51.22,51.22,51.22,51.19,50.84,50.58,50.58,46.33,46.15,50.47,52.60,52.71,52.75,49.50,49.66,47.48,47.47,47.47,48.30,46.70,46.74,46.75,46.75
"Guyana","RE share of electricity generation (%)",4.45,4.42,5.15,5.49,5.37,6.00,5.91,5.95,5.01,8.06,9.77,9.37,7.23,8.45,7.84,6.74,7.84,7.82,7.92,7.11,7.23,7.11,0.00,0.00
"Guyana","RE share of electricity capacity (%)",6.80,6.84,6.74,6.93,6.89,8.60,8.19,7.96,7.80,15.79,15.58,15.69,15.70,14.89,15.70,17.41,15.77,15.08,14.91,14.83,14.63,12.97,12.97,12.97
"Paraguay","RE share of electricity generation (%)",100.00,100.00,100.00,100.00,100.00,100.00,100.00,100.00,100.00,100.00,100.00,100.00,99.99,99.99,99.99,100.00,100.00,100.00,100.00,100.00,100.00,100.00,0.00,0.00
"Paraguay","RE share of electricity capacity (%)",100.00,100.00,100.00,100.00,100.00,99.92,99.92,99.92,99.93,99.93,99.93,99.93,99.93,99.83,99.83,99.83,99.99,99.99,99.99,99.70,99.70,99.70,99.71,99.71
"Peru","RE share of electricity generation (%)",81.96,84.80,82.17,80.97,72.40,77.25,78.15,66.42,59.83,60.79,57.21,56.87,56.58,53.45,50.89,51.73,50.02,58.31,60.89,60.51,64.38,61.67,0.00,0.00
"Peru","RE share of electricity capacity (%)",47.40,48.61,49.33,49.78,50.01,50.81,47.76,45.25,44.52,42.03,42.48,42.80,39.73,35.70,37.55,39.75,40.51,40.90,41.68,42.65,42.85,43.02,42.54,43.15
"South Georgia and S Sandwich Islands","RE share of electricity generation (%)",100.00,100.00,100.00,100.00,100.00,100.00,100.00,100.00,100.00,100.00,100.00,100.00,100.00,100.00,100.00,94.49,93.22,95.94,98.60,98.96,98.96,100.00,0.00,0.00
"South Georgia and S Sandwich Islands","RE share of electricity capacity (%)",4.41,4.41,4.41,4.41,4.41,4.41,4.41,58.86,58.86,58.86,58.86,58.86,58.86,58.86,58.86,58.86,58.86,58.86,58.86,58.86,58.86,58.86,58.86,58.86
"Suriname","RE share of electricity generation (%)",85.66,84.68,64.21,58.75,53.13,51.28,64.19,73.71,77.22,75.31,59.68,72.47,54.90,53.85,35.19,28.73,43.38,51.59,56.19,51.35,39.49,53.68,0.00,0.00
"Suriname","RE share of electricity capacity (%)",60.87,60.87,60.87,60.87,60.87,60.87,60.87,60.87,60.87,60.87,60.89,60.90,60.95,60.99,51.03,48.96,49.02,42.30,42.39,41.64,41.73,38.37,32.66,32.66
"Uruguay","RE share of electricity generation (%)",93.40,99.77,99.66,99.86,81.47,87.37,64.34,86.85,61.25,69.55,89.14,74.60,64.62,84.05,94.39,92.99,96.65,98.26,97.32,98.04,93.92,84.53,0.00,0.00
"Uruguay","RE share of electricity capacity (%)",73.83,74.98,74.97,75.01,75.71,75.78,69.03,71.12,68.31,66.47,67.45,67.58,63.08,61.26,65.70,72.39,83.48,81.78,75.82,76.02,76.04,76.08,76.14,77.64
"Venezuela (Bolivarian Republic of)","RE share of electricity generation (%)",73.75,67.07,64.82,65.84,71.10,73.28,73.90,72.72,72.79,71.88,67.48,70.90,63.30,60.77,60.71,58.19,53.36,58.36,58.35,60.19,84.24,84.24,0.00,0.00
"Venezuela (Bolivarian Republic of)","RE share of electricity capacity (%)",62.28,62.00,60.75,60.75,62.71,65.70,65.75,64.80,62.88,58.82,56.03,54.26,50.62,47.40,47.13,47.51,48.82,48.89,48.89,49.19,48.70,48.77,48.77,47.69
